Delta_hat,empirical_final_gap,empirical_gap_slope,experiment,final_pair_misordering,frequency_auc,k_on,master_seed,nu_c1_hat,nu_n0_hat,nu_n1_hat,predicted_final_gap,q_c1_hat,q_n0_hat,q_n1_hat,realized_R_exp,realized_p_on,requested_R_exp,requested_p_on,score_auc,slope_relative_error,stage_seed,status
0.004176885278255617,16.52374218899146,0.004096946175610885,controlled_matched_exposure_divergence,0.0,0.45756,400,27001,0.1302982282024644,0.0001306599690721486,0.1302014610198783,16.70754111302247,0.2,0.04003211724352978,0.03994955863808323,0.990859848934482,0.19825,1.0,0.2,1.0,0.01913844822621442,302562997,OK
0.004124275464480457,16.684734183806114,0.004321669578790919,controlled_matched_exposure_divergence,0.0,0.548905,400,27002,0.12925529865425095,8.628928387834309e-05,0.12908172765263093,16.497101857921827,0.2,0.03998358910115878,0.039993246592317226,1.0091148580908784,0.20175,1.0,0.2,1.0,0.047861525257098296,2462093990,OK
0.004134863685459268,17.301019192708708,0.004330913863430018,controlled_matched_exposure_divergence,0.0,0.6827099999999999,400,27003,0.13085389379645732,0.00043580576014140635,0.13077637588140922,16.539454741837073,0.2,0.039977026174708295,0.04002551266586248,1.0365849465108414,0.20725,1.0,0.2,1.0,0.04741393982592055,1898353477,OK
0.00410596644539533,17.372469499089313,0.004324313482057085,controlled_matched_exposure_divergence,0.0,0.7252850000000001,400,27004,0.12948275556780073,-0.00023437085294506136,0.1293693790827961,16.42386578158132,0.2,0.040022209927284225,0.04001224611708483,1.0457238701778169,0.20925,1.0,0.2,1.0,0.05317798856018956,2688936010,OK
0.0041344827478668345,17.632228366739945,0.004452957572410613,controlled_matched_exposure_divergence,0.0,0.7505,400,27005,0.1311400464596239,0.00032002465647349587,0.13101865007753252,16.537930991467338,0.2,0.04002993983533882,0.03998723277909739,1.051949041689415,0.2105,1.0,0.2,1.0,0.07702894024847345,3509332443,OK
0.004237940688688978,17.044857543300136,0.004267018433932208,controlled_matched_exposure_divergence,0.0,0.5291699999999999,400,27006,0.1327965192126046,0.00020405478687792603,0.13264539474813758,16.95176275475591,0.2,0.03998375039099156,0.0399587795765878,1.0042838396285025,0.20075,1.0,0.2,1.0,0.0068612912211909755,3562495584,OK
0.00414708541071762,17.10573833370111,0.004280231830599773,controlled_matched_exposure_divergence,0.0,0.630825,400,27007,0.1305380301463618,0.00016799061466187494,0.1304908881131021,16.58834164287048,0.2,0.04000883647798742,0.040009573170731706,1.0247697470474602,0.205,1.0,0.2,1.0,0.03210602307298832,3496993946,OK
0.00422105882101748,16.15048679568217,0.004016453458549249,controlled_matched_exposure_divergence,0.0,0.32860500000000004,400,27008,0.13077163696181038,4.528910086867217e-05,0.13059614763412855,16.88423528406992,0.2,0.039993587360594794,0.04001981865284974,0.9650325698492326,0.193,1.0,0.2,1.0,0.04847252102943021,1716968725,OK
0.0041830943956172465,17.21216512917722,0.00441989655061024,controlled_matched_exposure_divergence,0.0,0.61771,400,27009,0.1315712974334562,0.00013202044914087965,0.13148965398601384,16.732377582468985,0.2,0.04001528912633564,0.03994187041564792,1.0224929703608288,0.2045,1.0,0.2,1.0,0.05660932615842912,167824760,OK
0.004160741063363168,17.299075930957287,0.004333886238935873,controlled_matched_exposure_divergence,0.0,0.66595,400,27010,0.13126836568096537,0.00024747264550992377,0.1311314705190221,16.64296425345267,0.2,0.03999288188976378,0.04001333333333333,1.0313247710459008,0.20625,1.0,0.2,1.0,0.04161402330400015,2593765198,OK
0.004141875347247321,17.44983601927795,0.00440626049821398,controlled_matched_exposure_divergence,0.0,0.7079449999999999,400,27011,0.1304280134540671,-0.0003982626404537317,0.13031163905496007,16.567501388989285,0.2,0.04000042627091885,0.03988889555822329,1.0418438509950672,0.20825,1.0,0.2,1.0,0.06383223269680696,1347119812,OK
0.004220306572095518,16.93903477882468,0.004178022311021295,controlled_matched_exposure_divergence,0.0,0.518825,400,27012,0.1322086260951148,0.00033871226683223536,0.13212485348135944,16.88122628838207,0.2,0.0400292148889584,0.04006102117061021,1.0028574568633917,0.20075,1.0,0.2,1.0,0.010019239207361086,3596288405,OK
0.0041539644014253795,15.813597023135543,0.003920541067715093,controlled_matched_exposure_divergence,0.0,0.312615,400,27013,0.12835936394838385,-0.0002281888595469378,0.12815061622564922,16.615857605701517,0.2,0.03996912128712871,0.03995013020833333,0.9608293158032025,0.192,1.0,0.2,1.0,0.05619290661956337,2147440321,OK
0.00418252238589882,16.936730307734884,0.004126921612376494,controlled_matched_exposure_divergence,0.0,0.556595,400,27014,0.13108410396458672,-1.869624725392145e-05,0.13094540479456962,16.73008954359528,0.2,0.03995389915440025,0.0399594175960347,1.0098858059423708,0.20175,1.0,0.2,1.0,0.013293598549473817,391807711,OK
0.004229809595582059,15.913433422968609,0.004042253429839315,controlled_matched_exposure_divergence,0.0,0.27481,400,27015,0.13098709327213923,0.00042265683196622956,0.13086097539805722,16.919238382328235,0.2,0.04000044780728845,0.04005629921259843,0.952236052069317,0.1905,1.0,0.2,1.0,0.04434151502673825,2909534298,OK
0.004255819596054439,16.17050906834333,0.004012376113455829,controlled_matched_exposure_divergence,0.0,0.301025,400,27016,0.1314675743684446,-0.000142429158493097,0.13140542340885128,17.023278384217758,0.2,0.04000914294554456,0.0400451171875,0.9596149544995071,0.192,1.0,0.2,1.0,0.05720249110754285,602723664,OK
0.004327927839435435,16.00912974879876,0.0039249122694784986,controlled_matched_exposure_divergence,0.0,0.219645,400,27017,0.13303249952217153,-0.00018738854588999006,0.13297298386027243,17.31171135774174,0.2,0.03998545706371191,0.04002190412782956,0.9389307441682524,0.18775,1.0,0.2,1.0,0.09311975266424694,480109325,OK
0.0040916832655291955,17.417702755040125,0.004439670899357371,controlled_matched_exposure_divergence,0.0,0.748095,400,27018,0.12954107892023017,0.00011069500964571332,0.12939281773642172,16.366733062116783,0.2,0.040010810383032606,0.04003989298454221,1.0508053779744444,0.21025,1.0,0.2,1.0,0.08504754919810956,2195399581,OK
0.004265918432405499,16.530467313748957,0.004077542408215527,controlled_matched_exposure_divergence,0.0,0.37487499999999996,400,27019,0.13242930467044178,-0.0001019201913947636,0.13238596911175957,17.063673729621996,0.2,0.03998564110524682,0.039903016688061614,0.9744918319070393,0.19475,1.0,0.2,1.0,0.04415837460908712,1816797672,OK
0.004117081673314668,16.629613717951507,0.0041969907290775234,controlled_matched_exposure_divergence,0.0,0.543555,400,27020,0.1286356272670438,-0.00026872457537157647,0.12857142180413678,16.46832669325867,0.2,0.04000281778334377,0.039957940446650124,1.007656816592082,0.2015,1.0,0.2,1.0,0.019409150000787037,2822243415,OK
0.004190523327382801,16.908555379162827,0.004080802437508707,controlled_matched_exposure_divergence,0.0,0.54294,400,27021,0.13071573764640607,-0.0004123151824511984,0.13058567326966614,16.762093309531206,0.2,0.040001894176581086,0.0400514888337469,1.0072006725501266,0.2015,1.0,0.2,1.0,0.026183099651809053,2118394301,OK
0.004181559541279055,15.984923746135724,0.004042355173930786,controlled_matched_exposure_divergence,0.0,0.325315,400,27022,0.12959498760044047,6.564024055423142e-05,0.12948552088055998,16.72623816511622,0.2,0.03998645091359554,0.03996809338521401,0.9641618779022163,0.19275,1.0,0.2,1.0,0.033290059838700654,2881259409,OK
0.004155225695615625,17.277044549698747,0.004278145408815203,controlled_matched_exposure_divergence,0.0,0.661875,400,27023,0.13055468495429579,-0.00033528962358682606,0.13044349175702025,16.6209027824625,0.2,0.039976645669291336,0.04002230303030303,1.0316094514182286,0.20625,1.0,0.2,1.0,0.029581958286712534,102106115,OK
0.004264190738887657,15.864446197479968,0.003967707319795356,controlled_matched_exposure_divergence,0.0,0.237275,400,27024,0.1312728298119698,-8.952158899853002e-05,0.13110295413588105,17.056762955550628,0.2,0.0399786748844376,0.04010158940397351,0.9437057637923222,0.18875,1.0,0.2,1.0,0.06952864851670323,38548623,OK
0.004140980395620383,17.48119188674403,0.004443201574773232,controlled_matched_exposure_divergence,0.0,0.7159300000000001,400,27025,0.13086405427156142,-3.750630008610211e-05,0.13077649454048482,16.56392158248153,0.2,0.03997672141503474,0.03989892086330935,1.0435304863552757,0.2085,1.0,0.2,1.0,0.07298300167575954,3804300950,OK
0.0040729274137366695,17.614849862393157,0.004455959317279014,controlled_matched_exposure_divergence,0.0,0.79747,400,27026,0.12992417098877587,0.000630360277323536,0.12977651087122805,16.29170965494668,0.2,0.03999953953636075,0.040011339600470035,1.0636954856063627,0.21275,1.0,0.2,1.0,0.09404339057222112,2201589652,OK
0.004223036910140881,16.06514575812674,0.004034178120286956,controlled_matched_exposure_divergence,0.0,0.31257999999999997,400,27027,0.1304981994242163,-7.2720870933967e-05,0.13036622469344858,16.892147640563525,0.2,0.04002700402352213,0.04004804941482445,0.9605044084529384,0.19225,1.0,0.2,1.0,0.04472108434582094,4150966731,OK
0.004193241590795021,16.798379877453655,0.004143045838731316,controlled_matched_exposure_divergence,0.0,0.509675,400,27028,0.1313058020395973,0.00014396340915602275,0.1311565578690205,16.772966363180082,0.2,0.039950484375,0.039953625,1.0012236830701524,0.2,1.0,0.2,1.0,0.011970632022227007,4147631721,OK
0.004159287186739004,16.326564682480605,0.004004638994605767,controlled_matched_exposure_divergence,0.0,0.42601500000000003,400,27029,0.12976290990095674,0.00030890737005619047,0.12961261386768355,16.637148746956015,0.2,0.04000291095890411,0.03999010152284264,0.984990457904939,0.197,1.0,0.2,1.0,0.03718141719723017,3176326272,OK
0.004218621433594403,16.273232461738843,0.004071520129614533,controlled_matched_exposure_divergence,0.0,0.35592999999999997,400,27030,0.1308111355654944,-4.469996256729015e-05,0.13072949892441757,16.87448573437761,0.2,0.040011836798014275,0.039975482625482624,0.9711340708702899,0.19425,1.0,0.2,1.0,0.034869519888286106,3323583202,OK
