seed,feasible_item_universe,fixed_item_degree,interpretation_guard,invariants.account_degree_exactly_r_across_strengths,invariants.all_replacements_are_five,invariants.item_degree_fixed_at_9_across_strengths,invariants.modified_edges_nested_across_strengths,invariants.modified_exposure_count_balanced_within_one_across_accounts,invariants.nested_donor_slots_3_in_6_in_9,invariants.same_account_item_incidence_across_strengths,invariants.same_identity_population_across_strengths,invariants.same_items_across_strengths,invariants.same_reference_across_strengths,invariants.same_treatment_block_across_strengths,metrics_by_k.3.counterfactual_score_auc,metrics_by_k.3.fixed_item_degree,metrics_by_k.3.max_modified_exposures_per_account,metrics_by_k.3.mean_d_cf,metrics_by_k.3.mean_modified_exposures_per_account,metrics_by_k.3.mean_paired_score_gap,metrics_by_k.3.min_modified_exposures_per_account,metrics_by_k.3.n_accounts,metrics_by_k.3.paired_misordering_probability,metrics_by_k.3.positive_block_fraction,metrics_by_k.3.positive_pair_fraction,metrics_by_k.3.predicted_mean_gap_r_times_mean_dcf,metrics_by_k.3.reuse_law_abs_error,metrics_by_k.3.reuse_r,metrics_by_k.6.counterfactual_score_auc,metrics_by_k.6.fixed_item_degree,metrics_by_k.6.max_modified_exposures_per_account,metrics_by_k.6.mean_d_cf,metrics_by_k.6.mean_modified_exposures_per_account,metrics_by_k.6.mean_paired_score_gap,metrics_by_k.6.min_modified_exposures_per_account,metrics_by_k.6.n_accounts,metrics_by_k.6.paired_misordering_probability,metrics_by_k.6.positive_block_fraction,metrics_by_k.6.positive_pair_fraction,metrics_by_k.6.predicted_mean_gap_r_times_mean_dcf,metrics_by_k.6.reuse_law_abs_error,metrics_by_k.6.reuse_r,metrics_by_k.9.counterfactual_score_auc,metrics_by_k.9.fixed_item_degree,metrics_by_k.9.max_modified_exposures_per_account,metrics_by_k.9.mean_d_cf,metrics_by_k.9.mean_modified_exposures_per_account,metrics_by_k.9.mean_paired_score_gap,metrics_by_k.9.min_modified_exposures_per_account,metrics_by_k.9.n_accounts,metrics_by_k.9.paired_misordering_probability,metrics_by_k.9.positive_block_fraction,metrics_by_k.9.positive_pair_fraction,metrics_by_k.9.predicted_mean_gap_r_times_mean_dcf,metrics_by_k.9.reuse_law_abs_error,metrics_by_k.9.reuse_r,modified_exposure_balance.3.max_modified_exposures_per_account,modified_exposure_balance.3.mean_modified_exposures_per_account,modified_exposure_balance.3.min_modified_exposures_per_account,modified_exposure_balance.6.max_modified_exposures_per_account,modified_exposure_balance.6.mean_modified_exposures_per_account,modified_exposure_balance.6.min_modified_exposures_per_account,modified_exposure_balance.9.max_modified_exposures_per_account,modified_exposure_balance.9.mean_modified_exposures_per_account,modified_exposure_balance.9.min_modified_exposures_per_account,n_accounts,n_items,reuse_r,selected_lambda,stage,strength_grid_k,_source_member
0,13268,9,"Only intervention strength k changes in the scored worlds. Items, treatment blocks, reference model, nine donor positions, synthetic identity population, account-item incidence, and per-account exposure (r=8) are fixed across k. The k=3 and k=6 manipulated positions are nested subsets of k=9. Modified exposures are balanced across identities: counts differ by at most one for each k.",True,True,True,True,True,True,True,True,True,True,True,0.236,9,3,-0.05044248159002446,2.6666666666666665,-0.4035398527201957,2,2250,0.764,0.4145,0.236,-0.40353985272019566,5.551115123125783e-17,8,0.572,9,6,0.02435362293992681,5.333333333333333,0.19482898351941444,5,2250,0.428,0.5635,0.572,0.19482898351941447,2.7755575615628914e-17,8,0.84,9,8,0.1855709330413341,8.0,1.4845674643306725,8,2250,0.16,0.7015,0.84,1.4845674643306728,2.220446049250313e-16,8,3,2.6666666666666665,2,6,5.333333333333333,5,8,8.0,8,2250,2000,8,20.0,amazon_stage9_intervention_strength_fixed_identity,"[3, 6, 9]",stage9_strength_fixed_identity/seed_000/summary.json
1,13268,9,"Only intervention strength k changes in the scored worlds. Items, treatment blocks, reference model, nine donor positions, synthetic identity population, account-item incidence, and per-account exposure (r=8) are fixed across k. The k=3 and k=6 manipulated positions are nested subsets of k=9. Modified exposures are balanced across identities: counts differ by at most one for each k.",True,True,True,True,True,True,True,True,True,True,True,0.212,9,3,-0.0625234333232749,2.6666666666666665,-0.5001874665861991,2,2250,0.788,0.392,0.212,-0.5001874665861992,1.1102230246251565e-16,8,0.496,9,6,-0.0030028309147380155,5.333333333333333,-0.024022647317904128,5,2250,0.504,0.534,0.496,-0.024022647317904124,3.469446951953614e-18,8,0.804,9,8,0.15249412016166644,8.0,1.2199529612933313,8,2250,0.196,0.6645,0.804,1.2199529612933315,2.220446049250313e-16,8,3,2.6666666666666665,2,6,5.333333333333333,5,8,8.0,8,2250,2000,8,20.0,amazon_stage9_intervention_strength_fixed_identity,"[3, 6, 9]",stage9_strength_fixed_identity/seed_001/summary.json
2,13268,9,"Only intervention strength k changes in the scored worlds. Items, treatment blocks, reference model, nine donor positions, synthetic identity population, account-item incidence, and per-account exposure (r=8) are fixed across k. The k=3 and k=6 manipulated positions are nested subsets of k=9. Modified exposures are balanced across identities: counts differ by at most one for each k.",True,True,True,True,True,True,True,True,True,True,True,0.16,9,3,-0.06052286254545343,2.6666666666666665,-0.4841829003636275,2,2250,0.84,0.384,0.16,-0.48418290036362743,5.551115123125783e-17,8,0.564,9,6,0.0029565724603225563,5.333333333333333,0.023652579682580464,5,2250,0.436,0.531,0.564,0.02365257968258045,1.3877787807814457e-17,8,0.856,9,8,0.16339792255313443,8.0,1.3071833804250756,8,2250,0.144,0.6715,0.856,1.3071833804250754,2.220446049250313e-16,8,3,2.6666666666666665,2,6,5.333333333333333,5,8,8.0,8,2250,2000,8,20.0,amazon_stage9_intervention_strength_fixed_identity,"[3, 6, 9]",stage9_strength_fixed_identity/seed_002/summary.json
3,13268,9,"Only intervention strength k changes in the scored worlds. Items, treatment blocks, reference model, nine donor positions, synthetic identity population, account-item incidence, and per-account exposure (r=8) are fixed across k. The k=3 and k=6 manipulated positions are nested subsets of k=9. Modified exposures are balanced across identities: counts differ by at most one for each k.",True,True,True,True,True,True,True,True,True,True,True,0.176,9,3,-0.0657471610080376,2.6666666666666665,-0.5259772880643007,2,2250,0.824,0.371,0.176,-0.5259772880643008,1.1102230246251565e-16,8,0.52,9,6,-0.006338412573952305,5.333333333333333,-0.05070730059161844,5,2250,0.48,0.5335,0.52,-0.05070730059161844,0.0,8,0.82,9,8,0.1512732618727578,8.0,1.2101860949820626,8,2250,0.18,0.664,0.82,1.2101860949820624,2.220446049250313e-16,8,3,2.6666666666666665,2,6,5.333333333333333,5,8,8.0,8,2250,2000,8,20.0,amazon_stage9_intervention_strength_fixed_identity,"[3, 6, 9]",stage9_strength_fixed_identity/seed_003/summary.json
4,13268,9,"Only intervention strength k changes in the scored worlds. Items, treatment blocks, reference model, nine donor positions, synthetic identity population, account-item incidence, and per-account exposure (r=8) are fixed across k. The k=3 and k=6 manipulated positions are nested subsets of k=9. Modified exposures are balanced across identities: counts differ by at most one for each k.",True,True,True,True,True,True,True,True,True,True,True,0.204,9,3,-0.05779424867335399,2.6666666666666665,-0.4623539893868319,2,2250,0.796,0.3955,0.204,-0.4623539893868319,0.0,8,0.516,9,6,0.0049604423270940765,5.333333333333333,0.0396835386167526,5,2250,0.484,0.5395,0.516,0.03968353861675261,1.3877787807814457e-17,8,0.848,9,8,0.1609770758847609,8.0,1.287816607078087,8,2250,0.152,0.679,0.848,1.2878166070780872,2.220446049250313e-16,8,3,2.6666666666666665,2,6,5.333333333333333,5,8,8.0,8,2250,2000,8,20.0,amazon_stage9_intervention_strength_fixed_identity,"[3, 6, 9]",stage9_strength_fixed_identity/seed_004/summary.json
5,13268,9,"Only intervention strength k changes in the scored worlds. Items, treatment blocks, reference model, nine donor positions, synthetic identity population, account-item incidence, and per-account exposure (r=8) are fixed across k. The k=3 and k=6 manipulated positions are nested subsets of k=9. Modified exposures are balanced across identities: counts differ by at most one for each k.",True,True,True,True,True,True,True,True,True,True,True,0.172,9,3,-0.06165363433186114,2.6666666666666665,-0.4932290746548891,2,2250,0.828,0.3905,0.172,-0.49322907465488913,5.551115123125783e-17,8,0.5,9,6,0.004830221925549345,5.333333333333333,0.03864177540439474,5,2250,0.5,0.5415,0.5,0.03864177540439476,1.3877787807814457e-17,8,0.872,9,8,0.16673118985896862,8.0,1.333849518871749,8,2250,0.128,0.6795,0.872,1.333849518871749,0.0,8,3,2.6666666666666665,2,6,5.333333333333333,5,8,8.0,8,2250,2000,8,20.0,amazon_stage9_intervention_strength_fixed_identity,"[3, 6, 9]",stage9_strength_fixed_identity/seed_005/summary.json
6,13268,9,"Only intervention strength k changes in the scored worlds. Items, treatment blocks, reference model, nine donor positions, synthetic identity population, account-item incidence, and per-account exposure (r=8) are fixed across k. The k=3 and k=6 manipulated positions are nested subsets of k=9. Modified exposures are balanced across identities: counts differ by at most one for each k.",True,True,True,True,True,True,True,True,True,True,True,0.18,9,3,-0.06390019507258833,2.6666666666666665,-0.5112015605807066,2,2250,0.82,0.378,0.18,-0.5112015605807066,0.0,8,0.528,9,6,0.0012591037176568358,5.333333333333333,0.010072829741254665,5,2250,0.472,0.533,0.528,0.010072829741254686,2.0816681711721685e-17,8,0.84,9,8,0.16504868535553505,8.0,1.3203894828442806,8,2250,0.16,0.682,0.84,1.3203894828442804,2.220446049250313e-16,8,3,2.6666666666666665,2,6,5.333333333333333,5,8,8.0,8,2250,2000,8,20.0,amazon_stage9_intervention_strength_fixed_identity,"[3, 6, 9]",stage9_strength_fixed_identity/seed_006/summary.json
7,13268,9,"Only intervention strength k changes in the scored worlds. Items, treatment blocks, reference model, nine donor positions, synthetic identity population, account-item incidence, and per-account exposure (r=8) are fixed across k. The k=3 and k=6 manipulated positions are nested subsets of k=9. Modified exposures are balanced across identities: counts differ by at most one for each k.",True,True,True,True,True,True,True,True,True,True,True,0.22,9,3,-0.05548163555411281,2.6666666666666665,-0.44385308443290256,2,2250,0.78,0.391,0.22,-0.4438530844329025,5.551115123125783e-17,8,0.536,9,6,0.012596879029087165,5.333333333333333,0.10077503223269735,5,2250,0.464,0.5365,0.536,0.10077503223269732,2.7755575615628914e-17,8,0.86,9,8,0.17326973673582602,8.0,1.3861578938866082,8,2250,0.14,0.6905,0.86,1.3861578938866082,0.0,8,3,2.6666666666666665,2,6,5.333333333333333,5,8,8.0,8,2250,2000,8,20.0,amazon_stage9_intervention_strength_fixed_identity,"[3, 6, 9]",stage9_strength_fixed_identity/seed_007/summary.json
8,13268,9,"Only intervention strength k changes in the scored worlds. Items, treatment blocks, reference model, nine donor positions, synthetic identity population, account-item incidence, and per-account exposure (r=8) are fixed across k. The k=3 and k=6 manipulated positions are nested subsets of k=9. Modified exposures are balanced across identities: counts differ by at most one for each k.",True,True,True,True,True,True,True,True,True,True,True,0.172,9,3,-0.06392921452041099,2.6666666666666665,-0.5114337161632879,2,2250,0.828,0.381,0.172,-0.5114337161632879,0.0,8,0.512,9,6,0.00034601667108630175,5.333333333333333,0.002768133368690406,5,2250,0.488,0.5325,0.512,0.002768133368690414,7.806255641895632e-18,8,0.836,9,8,0.16304974621513463,8.0,1.3043979697210768,8,2250,0.164,0.674,0.836,1.304397969721077,2.220446049250313e-16,8,3,2.6666666666666665,2,6,5.333333333333333,5,8,8.0,8,2250,2000,8,20.0,amazon_stage9_intervention_strength_fixed_identity,"[3, 6, 9]",stage9_strength_fixed_identity/seed_008/summary.json
9,13268,9,"Only intervention strength k changes in the scored worlds. Items, treatment blocks, reference model, nine donor positions, synthetic identity population, account-item incidence, and per-account exposure (r=8) are fixed across k. The k=3 and k=6 manipulated positions are nested subsets of k=9. Modified exposures are balanced across identities: counts differ by at most one for each k.",True,True,True,True,True,True,True,True,True,True,True,0.176,9,3,-0.058806900464211796,2.6666666666666665,-0.47045520371369437,2,2250,0.824,0.3965,0.176,-0.47045520371369437,0.0,8,0.52,9,6,0.0033674648640740477,5.333333333333333,0.026939718912592378,5,2250,0.48,0.5355,0.52,0.02693971891259238,3.469446951953614e-18,8,0.82,9,8,0.16272586971132308,8.0,1.3018069576905844,8,2250,0.18,0.673,0.82,1.3018069576905846,2.220446049250313e-16,8,3,2.6666666666666665,2,6,5.333333333333333,5,8,8.0,8,2250,2000,8,20.0,amazon_stage9_intervention_strength_fixed_identity,"[3, 6, 9]",stage9_strength_fixed_identity/seed_009/summary.json
10,13268,9,"Only intervention strength k changes in the scored worlds. Items, treatment blocks, reference model, nine donor positions, synthetic identity population, account-item incidence, and per-account exposure (r=8) are fixed across k. The k=3 and k=6 manipulated positions are nested subsets of k=9. Modified exposures are balanced across identities: counts differ by at most one for each k.",True,True,True,True,True,True,True,True,True,True,True,0.192,9,3,-0.06190416700956768,2.6666666666666665,-0.49523333607654146,2,2250,0.808,0.3865,0.192,-0.49523333607654146,0.0,8,0.528,9,6,-0.002458005177043592,5.333333333333333,-0.019664041416348716,5,2250,0.472,0.524,0.528,-0.019664041416348737,2.0816681711721685e-17,8,0.844,9,8,0.1562572928953954,8.0,1.250058343163163,8,2250,0.156,0.6655,0.844,1.250058343163163,0.0,8,3,2.6666666666666665,2,6,5.333333333333333,5,8,8.0,8,2250,2000,8,20.0,amazon_stage9_intervention_strength_fixed_identity,"[3, 6, 9]",stage9_strength_fixed_identity/seed_010/summary.json
11,13268,9,"Only intervention strength k changes in the scored worlds. Items, treatment blocks, reference model, nine donor positions, synthetic identity population, account-item incidence, and per-account exposure (r=8) are fixed across k. The k=3 and k=6 manipulated positions are nested subsets of k=9. Modified exposures are balanced across identities: counts differ by at most one for each k.",True,True,True,True,True,True,True,True,True,True,True,0.152,9,3,-0.06499062634302905,2.6666666666666665,-0.5199250107442324,2,2250,0.848,0.3825,0.152,-0.5199250107442324,0.0,8,0.496,9,6,-0.003838790412791868,5.333333333333333,-0.03071032330233493,5,2250,0.504,0.533,0.496,-0.030710323302334943,1.3877787807814457e-17,8,0.852,9,8,0.15615207020784377,8.0,1.2492165616627502,8,2250,0.148,0.683,0.852,1.2492165616627502,0.0,8,3,2.6666666666666665,2,6,5.333333333333333,5,8,8.0,8,2250,2000,8,20.0,amazon_stage9_intervention_strength_fixed_identity,"[3, 6, 9]",stage9_strength_fixed_identity/seed_011/summary.json
12,13268,9,"Only intervention strength k changes in the scored worlds. Items, treatment blocks, reference model, nine donor positions, synthetic identity population, account-item incidence, and per-account exposure (r=8) are fixed across k. The k=3 and k=6 manipulated positions are nested subsets of k=9. Modified exposures are balanced across identities: counts differ by at most one for each k.",True,True,True,True,True,True,True,True,True,True,True,0.172,9,3,-0.06733504338079083,2.6666666666666665,-0.5386803470463266,2,2250,0.828,0.378,0.172,-0.5386803470463266,0.0,8,0.468,9,6,-0.009212585039456458,5.333333333333333,-0.07370068031565168,5,2250,0.532,0.521,0.468,-0.07370068031565166,1.3877787807814457e-17,8,0.8,9,8,0.14487692424630355,8.0,1.1590153939704284,8,2250,0.2,0.6635,0.8,1.1590153939704284,0.0,8,3,2.6666666666666665,2,6,5.333333333333333,5,8,8.0,8,2250,2000,8,20.0,amazon_stage9_intervention_strength_fixed_identity,"[3, 6, 9]",stage9_strength_fixed_identity/seed_012/summary.json
13,13268,9,"Only intervention strength k changes in the scored worlds. Items, treatment blocks, reference model, nine donor positions, synthetic identity population, account-item incidence, and per-account exposure (r=8) are fixed across k. The k=3 and k=6 manipulated positions are nested subsets of k=9. Modified exposures are balanced across identities: counts differ by at most one for each k.",True,True,True,True,True,True,True,True,True,True,True,0.196,9,3,-0.05887883790077511,2.6666666666666665,-0.4710307032062008,2,2250,0.804,0.4005,0.196,-0.4710307032062009,1.1102230246251565e-16,8,0.556,9,6,0.008904922534846382,5.333333333333333,0.07123938027877105,5,2250,0.444,0.5435,0.556,0.07123938027877105,0.0,8,0.868,9,8,0.17245297207566382,8.0,1.3796237766053105,8,2250,0.132,0.6945,0.868,1.3796237766053105,0.0,8,3,2.6666666666666665,2,6,5.333333333333333,5,8,8.0,8,2250,2000,8,20.0,amazon_stage9_intervention_strength_fixed_identity,"[3, 6, 9]",stage9_strength_fixed_identity/seed_013/summary.json
14,13268,9,"Only intervention strength k changes in the scored worlds. Items, treatment blocks, reference model, nine donor positions, synthetic identity population, account-item incidence, and per-account exposure (r=8) are fixed across k. The k=3 and k=6 manipulated positions are nested subsets of k=9. Modified exposures are balanced across identities: counts differ by at most one for each k.",True,True,True,True,True,True,True,True,True,True,True,0.18,9,3,-0.058390557038920016,2.6666666666666665,-0.46712445631136024,2,2250,0.82,0.3885,0.18,-0.4671244563113601,1.1102230246251565e-16,8,0.544,9,6,0.008382472956538458,5.333333333333333,0.06705978365230766,5,2250,0.456,0.538,0.544,0.06705978365230766,0.0,8,0.88,9,8,0.1736809806512377,8.0,1.3894478452099013,8,2250,0.12,0.6925,0.88,1.3894478452099015,2.220446049250313e-16,8,3,2.6666666666666665,2,6,5.333333333333333,5,8,8.0,8,2250,2000,8,20.0,amazon_stage9_intervention_strength_fixed_identity,"[3, 6, 9]",stage9_strength_fixed_identity/seed_014/summary.json
15,13268,9,"Only intervention strength k changes in the scored worlds. Items, treatment blocks, reference model, nine donor positions, synthetic identity population, account-item incidence, and per-account exposure (r=8) are fixed across k. The k=3 and k=6 manipulated positions are nested subsets of k=9. Modified exposures are balanced across identities: counts differ by at most one for each k.",True,True,True,True,True,True,True,True,True,True,True,0.148,9,3,-0.06475818005657104,2.6666666666666665,-0.5180654404525683,2,2250,0.852,0.3815,0.148,-0.5180654404525683,0.0,8,0.512,9,6,-0.002843795548687355,5.333333333333333,-0.022750364389498838,5,2250,0.488,0.5275,0.512,-0.02275036438949884,3.469446951953614e-18,8,0.86,9,8,0.1532495247010665,8.0,1.2259961976085323,8,2250,0.14,0.6635,0.86,1.225996197608532,2.220446049250313e-16,8,3,2.6666666666666665,2,6,5.333333333333333,5,8,8.0,8,2250,2000,8,20.0,amazon_stage9_intervention_strength_fixed_identity,"[3, 6, 9]",stage9_strength_fixed_identity/seed_015/summary.json
16,13268,9,"Only intervention strength k changes in the scored worlds. Items, treatment blocks, reference model, nine donor positions, synthetic identity population, account-item incidence, and per-account exposure (r=8) are fixed across k. The k=3 and k=6 manipulated positions are nested subsets of k=9. Modified exposures are balanced across identities: counts differ by at most one for each k.",True,True,True,True,True,True,True,True,True,True,True,0.16,9,3,-0.06582887123837565,2.6666666666666665,-0.5266309699070051,2,2250,0.84,0.3645,0.16,-0.5266309699070052,1.1102230246251565e-16,8,0.484,9,6,-0.004464112511163311,5.333333333333333,-0.035712900089306505,5,2250,0.516,0.524,0.484,-0.035712900089306485,2.0816681711721685e-17,8,0.828,9,8,0.156632786787185,8.0,1.2530622942974798,8,2250,0.172,0.6745,0.828,1.25306229429748,2.220446049250313e-16,8,3,2.6666666666666665,2,6,5.333333333333333,5,8,8.0,8,2250,2000,8,20.0,amazon_stage9_intervention_strength_fixed_identity,"[3, 6, 9]",stage9_strength_fixed_identity/seed_016/summary.json
17,13268,9,"Only intervention strength k changes in the scored worlds. Items, treatment blocks, reference model, nine donor positions, synthetic identity population, account-item incidence, and per-account exposure (r=8) are fixed across k. The k=3 and k=6 manipulated positions are nested subsets of k=9. Modified exposures are balanced across identities: counts differ by at most one for each k.",True,True,True,True,True,True,True,True,True,True,True,0.184,9,3,-0.05909459405089565,2.6666666666666665,-0.47275675240716514,2,2250,0.816,0.3995,0.184,-0.4727567524071652,5.551115123125783e-17,8,0.536,9,6,0.0056368666236897595,5.333333333333333,0.045094932989518055,5,2250,0.464,0.536,0.536,0.045094932989518076,2.0816681711721685e-17,8,0.852,9,8,0.16600288897931317,8.0,1.3280231118345054,8,2250,0.148,0.678,0.852,1.3280231118345054,0.0,8,3,2.6666666666666665,2,6,5.333333333333333,5,8,8.0,8,2250,2000,8,20.0,amazon_stage9_intervention_strength_fixed_identity,"[3, 6, 9]",stage9_strength_fixed_identity/seed_017/summary.json
18,13268,9,"Only intervention strength k changes in the scored worlds. Items, treatment blocks, reference model, nine donor positions, synthetic identity population, account-item incidence, and per-account exposure (r=8) are fixed across k. The k=3 and k=6 manipulated positions are nested subsets of k=9. Modified exposures are balanced across identities: counts differ by at most one for each k.",True,True,True,True,True,True,True,True,True,True,True,0.184,9,3,-0.06710423337996786,2.6666666666666665,-0.5368338670397429,2,2250,0.816,0.38,0.184,-0.5368338670397429,0.0,8,0.464,9,6,-0.008161084504530843,5.333333333333333,-0.06528867603624677,5,2250,0.536,0.5235,0.464,-0.06528867603624675,2.7755575615628914e-17,8,0.8,9,8,0.14666845638146447,8.0,1.1733476510517158,8,2250,0.2,0.6635,0.8,1.1733476510517158,0.0,8,3,2.6666666666666665,2,6,5.333333333333333,5,8,8.0,8,2250,2000,8,20.0,amazon_stage9_intervention_strength_fixed_identity,"[3, 6, 9]",stage9_strength_fixed_identity/seed_018/summary.json
19,13268,9,"Only intervention strength k changes in the scored worlds. Items, treatment blocks, reference model, nine donor positions, synthetic identity population, account-item incidence, and per-account exposure (r=8) are fixed across k. The k=3 and k=6 manipulated positions are nested subsets of k=9. Modified exposures are balanced across identities: counts differ by at most one for each k.",True,True,True,True,True,True,True,True,True,True,True,0.212,9,3,-0.06464331628734192,2.6666666666666665,-0.5171465302987353,2,2250,0.788,0.3825,0.212,-0.5171465302987354,1.1102230246251565e-16,8,0.508,9,6,-0.005350209245831067,5.333333333333333,-0.04280167396664852,5,2250,0.492,0.5305,0.508,-0.04280167396664854,2.0816681711721685e-17,8,0.792,9,8,0.15215671918386509,8.0,1.2172537534709207,8,2250,0.208,0.6675,0.792,1.2172537534709207,0.0,8,3,2.6666666666666665,2,6,5.333333333333333,5,8,8.0,8,2250,2000,8,20.0,amazon_stage9_intervention_strength_fixed_identity,"[3, 6, 9]",stage9_strength_fixed_identity/seed_019/summary.json
20,13268,9,"Only intervention strength k changes in the scored worlds. Items, treatment blocks, reference model, nine donor positions, synthetic identity population, account-item incidence, and per-account exposure (r=8) are fixed across k. The k=3 and k=6 manipulated positions are nested subsets of k=9. Modified exposures are balanced across identities: counts differ by at most one for each k.",True,True,True,True,True,True,True,True,True,True,True,0.18,9,3,-0.06653837908395131,2.6666666666666665,-0.5323070326716104,2,2250,0.82,0.377,0.18,-0.5323070326716105,1.1102230246251565e-16,8,0.48,9,6,-0.005412449250646916,5.333333333333333,-0.04329959400517534,5,2250,0.52,0.534,0.48,-0.04329959400517533,1.3877787807814457e-17,8,0.832,9,8,0.15422561337375,8.0,1.2338049069899995,8,2250,0.168,0.6675,0.832,1.23380490699,4.440892098500626e-16,8,3,2.6666666666666665,2,6,5.333333333333333,5,8,8.0,8,2250,2000,8,20.0,amazon_stage9_intervention_strength_fixed_identity,"[3, 6, 9]",stage9_strength_fixed_identity/seed_020/summary.json
21,13268,9,"Only intervention strength k changes in the scored worlds. Items, treatment blocks, reference model, nine donor positions, synthetic identity population, account-item incidence, and per-account exposure (r=8) are fixed across k. The k=3 and k=6 manipulated positions are nested subsets of k=9. Modified exposures are balanced across identities: counts differ by at most one for each k.",True,True,True,True,True,True,True,True,True,True,True,0.124,9,3,-0.06692698535888783,2.6666666666666665,-0.5354158828711026,2,2250,0.876,0.378,0.124,-0.5354158828711026,0.0,8,0.48,9,6,-0.0014032785910882116,5.333333333333333,-0.011226228728705689,5,2250,0.52,0.5335,0.48,-0.011226228728705693,3.469446951953614e-18,8,0.844,9,8,0.1598004471429486,8.0,1.2784035771435887,8,2250,0.156,0.6865,0.844,1.2784035771435889,2.220446049250313e-16,8,3,2.6666666666666665,2,6,5.333333333333333,5,8,8.0,8,2250,2000,8,20.0,amazon_stage9_intervention_strength_fixed_identity,"[3, 6, 9]",stage9_strength_fixed_identity/seed_021/summary.json
22,13268,9,"Only intervention strength k changes in the scored worlds. Items, treatment blocks, reference model, nine donor positions, synthetic identity population, account-item incidence, and per-account exposure (r=8) are fixed across k. The k=3 and k=6 manipulated positions are nested subsets of k=9. Modified exposures are balanced across identities: counts differ by at most one for each k.",True,True,True,True,True,True,True,True,True,True,True,0.156,9,3,-0.06529954740873498,2.6666666666666665,-0.5223963792698798,2,2250,0.844,0.3795,0.156,-0.5223963792698798,0.0,8,0.5,9,6,-0.0015794579801452482,5.333333333333333,-0.012635663841161968,5,2250,0.5,0.526,0.5,-0.012635663841161986,1.734723475976807e-17,8,0.848,9,8,0.1607189705806153,8.0,1.2857517646449224,8,2250,0.152,0.666,0.848,1.2857517646449224,0.0,8,3,2.6666666666666665,2,6,5.333333333333333,5,8,8.0,8,2250,2000,8,20.0,amazon_stage9_intervention_strength_fixed_identity,"[3, 6, 9]",stage9_strength_fixed_identity/seed_022/summary.json
23,13268,9,"Only intervention strength k changes in the scored worlds. Items, treatment blocks, reference model, nine donor positions, synthetic identity population, account-item incidence, and per-account exposure (r=8) are fixed across k. The k=3 and k=6 manipulated positions are nested subsets of k=9. Modified exposures are balanced across identities: counts differ by at most one for each k.",True,True,True,True,True,True,True,True,True,True,True,0.204,9,3,-0.06328671125142113,2.6666666666666665,-0.5062936900113689,2,2250,0.796,0.397,0.204,-0.506293690011369,1.1102230246251565e-16,8,0.524,9,6,-0.0022322927429948916,5.333333333333333,-0.017858341943959147,5,2250,0.476,0.541,0.524,-0.017858341943959133,1.3877787807814457e-17,8,0.8,9,8,0.15339311873824613,8.0,1.227144949905969,8,2250,0.2,0.674,0.8,1.227144949905969,0.0,8,3,2.6666666666666665,2,6,5.333333333333333,5,8,8.0,8,2250,2000,8,20.0,amazon_stage9_intervention_strength_fixed_identity,"[3, 6, 9]",stage9_strength_fixed_identity/seed_023/summary.json
24,13268,9,"Only intervention strength k changes in the scored worlds. Items, treatment blocks, reference model, nine donor positions, synthetic identity population, account-item incidence, and per-account exposure (r=8) are fixed across k. The k=3 and k=6 manipulated positions are nested subsets of k=9. Modified exposures are balanced across identities: counts differ by at most one for each k.",True,True,True,True,True,True,True,True,True,True,True,0.188,9,3,-0.06578516221504924,2.6666666666666665,-0.5262812977203938,2,2250,0.812,0.376,0.188,-0.5262812977203939,1.1102230246251565e-16,8,0.496,9,6,-0.00715175923470583,5.333333333333333,-0.05721407387764666,5,2250,0.504,0.525,0.496,-0.05721407387764664,2.0816681711721685e-17,8,0.824,9,8,0.15220319698064214,8.0,1.217625575845137,8,2250,0.176,0.6665,0.824,1.217625575845137,0.0,8,3,2.6666666666666665,2,6,5.333333333333333,5,8,8.0,8,2250,2000,8,20.0,amazon_stage9_intervention_strength_fixed_identity,"[3, 6, 9]",stage9_strength_fixed_identity/seed_024/summary.json
25,13268,9,"Only intervention strength k changes in the scored worlds. Items, treatment blocks, reference model, nine donor positions, synthetic identity population, account-item incidence, and per-account exposure (r=8) are fixed across k. The k=3 and k=6 manipulated positions are nested subsets of k=9. Modified exposures are balanced across identities: counts differ by at most one for each k.",True,True,True,True,True,True,True,True,True,True,True,0.164,9,3,-0.061229420527732295,2.6666666666666665,-0.48983536422185836,2,2250,0.836,0.3915,0.164,-0.48983536422185836,0.0,8,0.556,9,6,0.00204899937668214,5.333333333333333,0.016391995013457117,5,2250,0.444,0.537,0.556,0.01639199501345712,3.469446951953614e-18,8,0.824,9,8,0.1618545606980551,8.0,1.2948364855844408,8,2250,0.176,0.678,0.824,1.2948364855844408,0.0,8,3,2.6666666666666665,2,6,5.333333333333333,5,8,8.0,8,2250,2000,8,20.0,amazon_stage9_intervention_strength_fixed_identity,"[3, 6, 9]",stage9_strength_fixed_identity/seed_025/summary.json
26,13268,9,"Only intervention strength k changes in the scored worlds. Items, treatment blocks, reference model, nine donor positions, synthetic identity population, account-item incidence, and per-account exposure (r=8) are fixed across k. The k=3 and k=6 manipulated positions are nested subsets of k=9. Modified exposures are balanced across identities: counts differ by at most one for each k.",True,True,True,True,True,True,True,True,True,True,True,0.184,9,3,-0.05962700379934345,2.6666666666666665,-0.47701603039474766,2,2250,0.816,0.384,0.184,-0.4770160303947476,5.551115123125783e-17,8,0.544,9,6,0.010145632621928002,5.333333333333333,0.08116506097542406,5,2250,0.456,0.538,0.544,0.08116506097542402,4.163336342344337e-17,8,0.852,9,8,0.17494567609415912,8.0,1.399565408753273,8,2250,0.148,0.6945,0.852,1.399565408753273,0.0,8,3,2.6666666666666665,2,6,5.333333333333333,5,8,8.0,8,2250,2000,8,20.0,amazon_stage9_intervention_strength_fixed_identity,"[3, 6, 9]",stage9_strength_fixed_identity/seed_026/summary.json
27,13268,9,"Only intervention strength k changes in the scored worlds. Items, treatment blocks, reference model, nine donor positions, synthetic identity population, account-item incidence, and per-account exposure (r=8) are fixed across k. The k=3 and k=6 manipulated positions are nested subsets of k=9. Modified exposures are balanced across identities: counts differ by at most one for each k.",True,True,True,True,True,True,True,True,True,True,True,0.216,9,3,-0.06298398484529828,2.6666666666666665,-0.5038718787623861,2,2250,0.784,0.3785,0.216,-0.5038718787623863,1.1102230246251565e-16,8,0.48,9,6,-0.004369469577820223,5.333333333333333,-0.0349557566225618,5,2250,0.52,0.5335,0.48,-0.034955756622561784,1.3877787807814457e-17,8,0.828,9,8,0.1547289272836447,8.0,1.2378314182691577,8,2250,0.172,0.668,0.828,1.2378314182691577,0.0,8,3,2.6666666666666665,2,6,5.333333333333333,5,8,8.0,8,2250,2000,8,20.0,amazon_stage9_intervention_strength_fixed_identity,"[3, 6, 9]",stage9_strength_fixed_identity/seed_027/summary.json
28,13268,9,"Only intervention strength k changes in the scored worlds. Items, treatment blocks, reference model, nine donor positions, synthetic identity population, account-item incidence, and per-account exposure (r=8) are fixed across k. The k=3 and k=6 manipulated positions are nested subsets of k=9. Modified exposures are balanced across identities: counts differ by at most one for each k.",True,True,True,True,True,True,True,True,True,True,True,0.172,9,3,-0.06648295930450525,2.6666666666666665,-0.5318636744360421,2,2250,0.828,0.377,0.172,-0.531863674436042,1.1102230246251565e-16,8,0.496,9,6,-0.006801325731598386,5.333333333333333,-0.054410605852787085,5,2250,0.504,0.525,0.496,-0.054410605852787085,0.0,8,0.864,9,8,0.1527593716376649,8.0,1.222074973101319,8,2250,0.136,0.681,0.864,1.2220749731013192,2.220446049250313e-16,8,3,2.6666666666666665,2,6,5.333333333333333,5,8,8.0,8,2250,2000,8,20.0,amazon_stage9_intervention_strength_fixed_identity,"[3, 6, 9]",stage9_strength_fixed_identity/seed_028/summary.json
29,13268,9,"Only intervention strength k changes in the scored worlds. Items, treatment blocks, reference model, nine donor positions, synthetic identity population, account-item incidence, and per-account exposure (r=8) are fixed across k. The k=3 and k=6 manipulated positions are nested subsets of k=9. Modified exposures are balanced across identities: counts differ by at most one for each k.",True,True,True,True,True,True,True,True,True,True,True,0.176,9,3,-0.0628400313335345,2.6666666666666665,-0.502720250668276,2,2250,0.824,0.3835,0.176,-0.502720250668276,0.0,8,0.504,9,6,0.0026969031083597956,5.333333333333333,0.021575224866878368,5,2250,0.496,0.5425,0.504,0.021575224866878365,3.469446951953614e-18,8,0.852,9,8,0.1661049212775426,8.0,1.3288393702203407,8,2250,0.148,0.6925,0.852,1.3288393702203407,0.0,8,3,2.6666666666666665,2,6,5.333333333333333,5,8,8.0,8,2250,2000,8,20.0,amazon_stage9_intervention_strength_fixed_identity,"[3, 6, 9]",stage9_strength_fixed_identity/seed_029/summary.json
