seed,frequency.all.burden_0p5_accounts,frequency.all.burden_0p5_fraction_of_universe,frequency.all.planted_background_percentile_median,frequency.all.top_0p01_planted_capture,frequency.all.top_0p05_planted_capture,frequency.freq_7_9.planted_background_percentile_median,frequency.freq_eq_8.background_accounts_strictly_above_planted_median_score,frequency.freq_eq_8.fraction_planted_above_background_p95,frequency.freq_eq_8.fraction_planted_above_background_p99,frequency.freq_eq_8.planted_background_percentile_median,frequency.freq_eq_8.planted_background_percentile_q25,frequency.freq_eq_8.planted_background_percentile_q75,population.n_historical_background_accounts,population.n_historical_frequency_7_9,population.n_historical_frequency_eq_8,population.n_planted_accounts,predictive_centered_w1.all.burden_0p5_accounts,predictive_centered_w1.all.burden_0p5_fraction_of_universe,predictive_centered_w1.all.planted_background_percentile_median,predictive_centered_w1.all.top_0p01_planted_capture,predictive_centered_w1.all.top_0p05_planted_capture,predictive_centered_w1.freq_7_9.planted_background_percentile_median,predictive_centered_w1.freq_eq_8.background_accounts_strictly_above_planted_median_score,predictive_centered_w1.freq_eq_8.fraction_planted_above_background_p95,predictive_centered_w1.freq_eq_8.fraction_planted_above_background_p99,predictive_centered_w1.freq_eq_8.planted_background_percentile_median,predictive_centered_w1.freq_eq_8.planted_background_percentile_q25,predictive_centered_w1.freq_eq_8.planted_background_percentile_q75,raw_w1.all.burden_0p5_accounts,raw_w1.all.burden_0p5_fraction_of_universe,raw_w1.all.planted_background_percentile_median,raw_w1.all.top_0p01_planted_capture,raw_w1.all.top_0p05_planted_capture,raw_w1.freq_7_9.planted_background_percentile_median,raw_w1.freq_eq_8.background_accounts_strictly_above_planted_median_score,raw_w1.freq_eq_8.fraction_planted_above_background_p95,raw_w1.freq_eq_8.fraction_planted_above_background_p99,raw_w1.freq_eq_8.planted_background_percentile_median,raw_w1.freq_eq_8.planted_background_percentile_q25,raw_w1.freq_eq_8.planted_background_percentile_q75,source_summary,source_summary_sha256
0,907,0.0005406687840376931,0.9999066258087458,1.0,1.0,0.7323369565217391,0,0.0,0.0,0.5,0.5,0.5,1676052,368,93,1500,4836,0.0028827720392572034,0.9974586110693463,0.724,0.928,0.9605978260869565,5,0.5,0.112,0.9516129032258065,0.7526881720430108,0.978494623655914,811,0.00048344254008221506,0.9999636049478179,1.0,1.0,0.9646739130434783,4,0.572,0.088,0.956989247311828,0.7956989247311828,0.978494623655914,artifacts/amazon/stage10_ranking_full_background/seed_000/summary.json,ce4610b1de9812f9d991dd7a39793d8df4f9cef79ee410a5b7a2bf226b568de3
1,907,0.0005406507360479921,0.9999063306183134,1.0,1.0,0.7219101123595506,0,0.0,0.0,0.5,0.5,0.5,1676108,356,94,1500,4644,0.0027682271424552102,0.997674970825269,0.74,0.912,0.9578651685393258,6,0.388,0.176,0.9361702127659575,0.776595744680851,0.9574468085106383,803,0.0004786577078793139,0.9999683791259274,1.0,1.0,0.9634831460674157,6,0.304,0.204,0.9361702127659575,0.7978723404255319,0.9574468085106383,artifacts/amazon/stage10_ranking_full_background/seed_001/summary.json,90191912f3efa37a97d61ac8c2fc9f691da1b9fe93208f9b86938fcf1e8d0825
2,907,0.0005407064953336493,0.9999066192901276,1.0,1.0,0.7356164383561644,0,0.0,0.0,0.5,0.5,0.5,1675935,365,99,1500,6324,0.003770041760187429,0.9966740953557268,0.704,0.924,0.9205479452054794,13,0.284,0.164,0.8686868686868687,0.7272727272727273,0.9696969696969697,824,0.000491226187601904,0.9999555472020096,1.0,1.0,0.9452054794520548,10,0.256,0.192,0.898989898989899,0.7777777777777778,0.9595959595959596,artifacts/amazon/stage10_ranking_full_background/seed_002/summary.json,52226d25c589596c1a4218f1f0f809519043bf769b08bf39e35d822484e68dd2
3,906,0.0005400575465292957,0.999907225050549,1.0,1.0,0.7354570637119113,0,0.0,0.0,0.5,0.5,0.5,1676099,361,97,1500,4673,0.002785528603677041,0.9976504967785316,0.7333333333333333,0.908,0.9584487534626038,5,0.252,0.12,0.9484536082474226,0.7628865979381443,0.9587628865979382,804,0.00047925636579420944,0.9999671857091974,1.0,1.0,0.9598337950138505,7,0.428,0.084,0.9278350515463918,0.8041237113402062,0.9690721649484536,artifacts/amazon/stage10_ranking_full_background/seed_003/summary.json,857fa71be9700206b5a5760e97ffe5c5e2dec6c558a21134f109e2a019c7cb89
4,906,0.0005400762187034475,0.9999072218400386,1.0,1.0,0.7293956043956044,0,0.0,0.0,0.5,0.5,0.5,1676041,364,95,1500,5265,0.0031385223967700343,0.9973019753096732,0.716,0.876,0.9381868131868132,9,0.304,0.14,0.9052631578947369,0.7578947368421053,0.9789473684210527,809,0.0004822534888864117,0.9999642013530696,1.0,1.0,0.9574175824175825,7,0.324,0.156,0.9315789473684211,0.8210526315789474,0.968421052631579,artifacts/amazon/stage10_ranking_full_background/seed_004/summary.json,3af7629f457fefad87830f95474e2ef8da1ee3b4fb13b86914fd654cca1fbac7
5,907,0.0005406562147746381,0.9999066279814163,1.0,1.0,0.7350543478260869,0,0.0,0.0,0.5,0.5,0.5,1676091,368,95,1500,4985,0.0029715228562861864,0.9974726909219129,0.768,0.928,0.9538043478260869,8,0.42,0.16,0.9157894736842105,0.8,0.9789473684210527,813,0.00048462348689281236,0.9999624125420398,1.0,1.0,0.9646739130434783,5,0.484,0.176,0.9473684210526315,0.8526315789473684,0.968421052631579,artifacts/amazon/stage10_ranking_full_background/seed_005/summary.json,00870957037b6c2439e5b14078c7457dc862baed957becb5cf69c4dc0db167b2
6,905,0.0005394666016524964,0.9999078207940776,1.0,1.0,0.7311977715877437,0,0.0,0.0,0.5,0.5,0.5,1676083,359,95,1500,5606,0.0033417124517833097,0.9970431058605094,0.712,0.904,0.9331476323119777,9,0.42,0.16,0.9052631578947369,0.7368421052631579,0.9789473684210527,815,0.00048581798933346366,0.9999609207897222,0.996,1.0,0.9665738161559888,6,0.412,0.192,0.9368421052631579,0.7789473684210526,0.968421052631579,artifacts/amazon/stage10_ranking_full_background/seed_006/summary.json,d6184c73f527dc9ebcc803036a7aada14223ad09c3685ff1f2b3d18a6f2c3296
7,907,0.0005406594376068876,0.9999066274243309,1.0,1.0,0.7276536312849162,0,0.0,0.0,0.5,0.5,0.5,1676081,358,93,1500,5092,0.0030353228845581824,0.9973903409202778,0.704,0.928,0.9497206703910615,4,0.504,0.264,0.956989247311828,0.7741935483870968,1.0,807,0.00048104979729741813,0.9999647988372877,1.0,1.0,0.9608938547486033,3,0.568,0.2,0.9623655913978495,0.8279569892473119,0.989247311827957,artifacts/amazon/stage10_ranking_full_background/seed_007/summary.json,71b8e8a4b09d8d7e811f0e470a0c5e74d7ff687aa69a4f8e7f6512e8d831931f
8,905,0.0005394752842826111,0.9999075209897521,1.0,1.0,0.7307692307692307,0,0.0,0.0,0.5,0.5,0.5,1676056,364,94,1500,3594,0.0021424023996814414,0.9982843652002081,0.76,0.952,0.9615384615384616,4,0.552,0.288,0.9574468085106383,0.7659574468085106,1.0,793,0.00047271149219459737,0.999974046213253,1.0,1.0,0.9684065934065934,2,0.532,0.324,0.9734042553191489,0.8191489361702128,1.0,artifacts/amazon/stage10_ranking_full_background/seed_008/summary.json,34abc399ebbdc2a4ceb93913b236af5864eeb52b9c0c451fe35e5d1efcc0b62b
9,908,0.000541244564456088,0.9999057343917332,1.0,1.0,0.725,0,0.0,0.0,0.5,0.5,0.5,1676115,360,94,1500,6082,0.003625384846940448,0.99680958645439,0.708,0.912,0.9333333333333333,9,0.456,0.208,0.9042553191489362,0.7340425531914894,0.9893617021276596,817,0.00048700089114606153,0.999959131682492,1.0,1.0,0.9611111111111111,5,0.456,0.252,0.9468085106382979,0.776595744680851,1.0,artifacts/amazon/stage10_ranking_full_background/seed_009/summary.json,5b2c6ec83222892d9cf05b1da97ec07ca4b0345ab18c1970157573bf2672e942
10,908,0.0005412839278613979,0.9999057275298883,1.0,1.0,0.7219101123595506,0,0.0,0.0,0.5,0.5,0.5,1675993,356,98,1500,5050,0.0030104447529736337,0.997408998724935,0.744,0.94,0.9480337078651686,8,0.356,0.148,0.9132653061224489,0.7448979591836735,0.9693877551020408,808,0.0004816711604757814,0.9999650953196105,1.0,1.0,0.9578651685393258,6,0.452,0.204,0.9387755102040817,0.8061224489795918,0.9795918367346939,artifacts/amazon/stage10_ranking_full_background/seed_010/summary.json,dff67c7d8b3b20a40aea6ecb18019b6b2367783d6bbfa6e47b77be2d862bff6a
11,907,0.0005406687840376931,0.9999066258087458,1.0,1.0,0.7343324250681199,0,0.0,0.0,0.5,0.5,0.5,1676052,367,97,1500,3733,0.0022252663404770763,0.9981906885943872,0.796,0.948,0.9482288828337875,8,0.364,0.192,0.9175257731958762,0.8041237113402062,0.9896907216494846,800,0.00047688536629564987,0.9999698696699147,1.0,1.0,0.9673024523160763,6,0.292,0.224,0.9381443298969072,0.845360824742268,0.979381443298969,artifacts/amazon/stage10_ranking_full_background/seed_011/summary.json,d85e2a6780b379f98267d03b69d661d16442c95b3fadc5225e1833e4318194f1
12,907,0.000540651380598305,0.9999063305065431,1.0,1.0,0.726027397260274,0,0.0,0.0,0.5,0.5,0.5,1676106,365,96,1500,4932,0.0029399036484132747,0.9974205092040718,0.732,0.928,0.9452054794520548,6,0.5,0.16,0.9375,0.7604166666666666,0.9791666666666666,803,0.00047865827852308586,0.9999680807777074,1.0,1.0,0.9671232876712329,3,0.552,0.132,0.96875,0.8125,0.9895833333333334,artifacts/amazon/stage10_ranking_full_background/seed_012/summary.json,07dbc64f79755539b1a4790659f0cd90572295ad5324d2a0fba44c7252bbb6f8
13,908,0.0005412681172811172,0.999906028607875,1.0,1.0,0.7296195652173914,0,0.0,0.0,0.5,0.5,0.5,1676042,368,97,1500,4811,0.0028678864672240694,0.9975770296925733,0.736,0.916,0.9456521739130435,5,0.464,0.168,0.9484536082474226,0.7628865979381443,0.979381443298969,810,0.00048284931167148125,0.9999642013744285,1.0,1.0,0.9565217391304348,5,0.46,0.204,0.9484536082474226,0.8144329896907216,0.979381443298969,artifacts/amazon/stage10_ranking_full_background/seed_013/summary.json,3a2ced6be8ea3bec1fdfae05b3ba9a3ddf600cf7f124c65d0f550f5ace111e5b
14,905,0.0005394675663753741,0.9999075223139707,1.0,1.0,0.7355371900826446,0,0.0,0.0,0.5,0.5,0.5,1676080,363,90,1500,5925,0.003531873293673029,0.9969124385470861,0.716,0.944,0.928374655647383,8,0.412,0.132,0.9111111111111111,0.7444444444444445,0.9666666666666667,818,0.00048760714839232705,0.9999588325139611,1.0,1.0,0.9586776859504132,5,0.388,0.168,0.9444444444444444,0.7777777777777778,0.9555555555555556,artifacts/amazon/stage10_ranking_full_background/seed_014/summary.json,96cffd90f2b3970f41f4fe1af146b9033761b932125031c1f452c62fdb287883
15,907,0.0005406526697035411,0.9999063302830019,1.0,1.0,0.7292817679558011,0,0.0,0.0,0.5,0.5,0.5,1676102,362,92,1500,4286,0.002554837202149258,0.9978897465667363,0.752,0.944,0.9613259668508287,2,0.572,0.24,0.9782608695652174,0.8152173913043478,0.9891304347826086,801,0.0004774672419322342,0.9999695722575357,1.0,1.0,0.9723756906077348,2,0.596,0.256,0.9782608695652174,0.8586956521739131,1.0,artifacts/amazon/stage10_ranking_full_background/seed_015/summary.json,53759a4a19ffb5f64be1154b5710edaa6edde11c790359e6c466338b272fe558
16,906,0.0005400665605211345,0.999906925183957,1.0,1.0,0.7307692307692307,0,0.0,0.0,0.5,0.5,0.5,1676071,364,96,1500,4667,0.00278199849663591,0.9976432979271164,0.72,0.912,0.9532967032967034,4,0.524,0.144,0.9583333333333334,0.7395833333333334,0.9791666666666666,805,0.0004798604649222,0.9999665885275744,1.0,1.0,0.9574175824175825,4,0.58,0.124,0.9583333333333334,0.8125,0.9791666666666666,artifacts/amazon/stage10_ranking_full_background/seed_016/summary.json,cbdc406ef1ba4fd2414fb16d90de5946aad3ee3b4d781321deafaeb5194804ed
17,908,0.0005412426286986155,0.9999060330369943,1.0,1.0,0.7279005524861878,0,0.0,0.0,0.5,0.5,0.5,1676121,362,95,1500,6090,0.0036301405382979826,0.9967732043211677,0.684,0.912,0.9226519337016574,10,0.236,0.168,0.8947368421052632,0.7157894736842105,0.9473684210526315,813,0.00048461482062992775,0.9999624132147977,1.0,1.0,0.9530386740331491,5,0.26,0.18,0.9473684210526315,0.7789473684210526,0.9578947368421052,artifacts/amazon/stage10_ranking_full_background/seed_017/summary.json,86af03ecb4e20e88095a22ecfbd231e888e1ba2869e228eb4705781fdee75529
18,906,0.0005400958580728235,0.9999072184632275,1.0,1.0,0.7321428571428571,0,0.0,0.0,0.5,0.5,0.5,1675980,364,95,1500,4849,0.0028906454920475952,0.9975518800940346,0.696,0.892,0.9423076923076923,6,0.448,0.124,0.9368421052631579,0.6947368421052632,0.968421052631579,806,0.0004804826287049622,0.9999656917146983,1.0,1.0,0.9656593406593407,4,0.524,0.104,0.9578947368421052,0.7578947368421053,0.968421052631579,artifacts/amazon/stage10_ranking_full_background/seed_018/summary.json,91a3d22ba622a04afe9613d3e5b09b74bb97af827bb17d4e99674bc046a0acfa
19,909,0.0005418613204606,0.9999054324719235,1.0,1.0,0.7239010989010989,0,0.0,0.0,0.5,0.5,0.5,1676051,364,97,1500,6082,0.0036255231584613524,0.9967307080751122,0.724,0.92,0.9395604395604396,8,0.456,0.172,0.9175257731958762,0.7422680412371134,0.979381443298969,811,0.00048344282826572786,0.9999627099652695,1.0,1.0,0.9642857142857143,4,0.524,0.212,0.9587628865979382,0.8144329896907216,0.9896907216494846,artifacts/amazon/stage10_ranking_full_background/seed_019/summary.json,8745776a4d4532d6eb8c024cb5b11ccef57463fff25d4fd262025c43e5924930
20,905,0.0005394595271234886,0.9999075236933247,1.0,1.0,0.7292817679558011,0,0.0,0.0,0.5,0.5,0.5,1676105,362,92,1500,5884,0.0035073810581155874,0.9969256102690464,0.704,0.924,0.9392265193370166,7,0.452,0.16,0.9239130434782609,0.75,0.9891304347826086,819,0.0004881959698498753,0.9999588331279962,1.0,1.0,0.9558011049723757,5,0.468,0.2,0.9456521739130435,0.7934782608695652,0.9891304347826086,artifacts/amazon/stage10_ranking_full_background/seed_020/summary.json,b4afa8cb4b3e36158fd613d47cd966b0da8e52e16b47ec87713cfd3188cf73d5
21,907,0.0005406749077365394,0.9999063264267469,1.0,1.0,0.7295081967213115,0,0.0,0.0,0.5,0.5,0.5,1676033,366,94,1500,4960,0.0029567227589561576,0.9974045857092313,0.7,0.94,0.9371584699453552,14,0.36,0.156,0.8563829787234043,0.723404255319149,0.9787234042553191,809,0.0004822557887087765,0.999964499505678,1.0,1.0,0.9508196721311475,9,0.296,0.228,0.9042553191489362,0.776595744680851,0.9893617021276596,artifacts/amazon/stage10_ranking_full_background/seed_021/summary.json,00aca4f0c850e1abf39c6a75e434fcfe4589cc42bd588ebe34001fc547b49ee2
22,907,0.0005406655610940162,0.9999066263658505,1.0,1.0,0.7200557103064067,0,0.0,0.0,0.5,0.5,0.5,1676062,359,93,1500,5495,0.003275586833750407,0.9971677658702363,0.72,0.936,0.9303621169916435,8,0.476,0.128,0.9139784946236559,0.7634408602150538,0.978494623655914,813,0.00048463186457490095,0.9999624118916842,1.0,1.0,0.9554317548746518,5,0.424,0.156,0.946236559139785,0.8172043010752689,0.967741935483871,artifacts/amazon/stage10_ranking_full_background/seed_022/summary.json,e135f8be309fb90bfd1c133eacd49ae67fcfd74076552d23b4eb9f45ec3d2f72
23,906,0.0005400559369195591,0.9999072253273067,1.0,1.0,0.7291666666666666,0,0.0,0.0,0.5,0.5,0.5,1676104,360,93,1500,4850,0.002891027918388368,0.9975454983700296,0.74,0.916,0.9472222222222222,4,0.512,0.172,0.956989247311828,0.7741935483870968,0.989247311827957,803,0.00047865884916821846,0.9999683790504647,1.0,1.0,0.9666666666666667,3,0.584,0.224,0.967741935483871,0.7956989247311828,0.989247311827957,artifacts/amazon/stage10_ranking_full_background/seed_023/summary.json,1642b6407fafb9e7d732e2b675e2353ffba0ceb0732e609bff0e54cb1b13f00d
24,907,0.000540669106334174,0.999906625753035,1.0,1.0,0.7248603351955307,0,0.0,0.0,0.5,0.5,0.5,1676051,358,93,1500,5214,0.0031081022275924845,0.99728439051079,0.732,0.904,0.946927374301676,8,0.472,0.16,0.9086021505376344,0.7634408602150538,0.978494623655914,801,0.00047748175763359803,0.999969273011382,1.0,1.0,0.9748603351955307,4,0.564,0.2,0.956989247311828,0.8064516129032258,0.989247311827957,artifacts/amazon/stage10_ranking_full_background/seed_024/summary.json,44237b6bea672de42496a69af0cf4250f86ef4f5c2525d3d46f13ac95a79a650
25,907,0.0005406726516208257,0.9999063268179758,1.0,1.0,0.726027397260274,0,0.0,0.0,0.5,0.5,0.5,1676040,365,94,1500,4833,0.002881004327765657,0.9975630056561895,0.728,0.9,0.9506849315068493,5,0.364,0.22,0.9468085106382979,0.7446808510638298,0.9787234042553191,805,0.00047986933247493355,0.999967184554068,1.0,1.0,0.9616438356164384,6,0.424,0.248,0.9361702127659575,0.7978723404255319,0.9893617021276596,artifacts/amazon/stage10_ranking_full_background/seed_025/summary.json,f838ba0f35848a359efd282b5952b1861094d8761405a563831338779149314d
26,907,0.0005406652388017619,0.9999063281034185,1.0,1.0,0.7247191011235955,0,0.0,0.0,0.5,0.5,0.5,1676063,356,90,1500,4601,0.0027426689787507235,0.997681173082396,0.76,0.936,0.952247191011236,5,0.488,0.14,0.9444444444444444,0.7666666666666667,0.9777777777777777,800,0.0004768822392959311,0.9999701681858021,1.0,1.0,0.9662921348314607,5,0.476,0.204,0.9444444444444444,0.8444444444444444,0.9777777777777777,artifacts/amazon/stage10_ranking_full_background/seed_026/summary.json,3f170027e9d8d8e95c7909298c7312e13e2ce70628f2741541278ceaf8ced30d
27,907,0.0005406542810937311,0.9999066283156643,1.0,1.0,0.7301369863013699,0,0.0,0.0,0.5,0.5,0.5,1676097,365,99,1500,5075,0.0030251603931099064,0.9974091594937524,0.736,0.936,0.9561643835616438,6,0.452,0.052,0.9393939393939394,0.7777777777777778,0.9797979797979798,803,0.0004786608464368975,0.9999683789184038,1.0,1.0,0.9698630136986301,4,0.524,0.088,0.9595959595959596,0.8383838383838383,0.98989898989899,artifacts/amazon/stage10_ranking_full_background/seed_027/summary.json,043d7cbb6ebade2e71a0180aa006a16e570ad18a03a206bf7d2a5b72d25099ea
28,906,0.0005400710676298927,0.9999072227257187,1.0,1.0,0.733983286908078,0,0.0,0.0,0.5,0.5,0.5,1676057,359,93,1500,7151,0.004262746362716736,0.9961445225311549,0.708,0.924,0.9108635097493036,12,0.32,0.152,0.8709677419354839,0.7096774193548387,0.978494623655914,816,0.0004864216238255988,0.9999597269066625,1.0,1.0,0.947075208913649,8,0.376,0.172,0.9139784946236559,0.7741935483870968,0.967741935483871,artifacts/amazon/stage10_ranking_full_background/seed_028/summary.json,258315ed42458ad4df5c4a4bb631d3a5089baad2d27c3dca49f6345fa887260e
29,907,0.0005406890894664585,0.9999066222988338,1.0,1.0,0.7299168975069252,0,0.0,0.0,0.5,0.5,0.5,1675989,361,93,1500,4724,0.00281611384635011,0.9975754614141262,0.736,0.908,0.9584487534626038,5,0.472,0.1,0.946236559139785,0.7311827956989247,0.956989247311828,804,0.0004792877926472245,0.9999674818868143,1.0,1.0,0.9722991689750693,4,0.584,0.08,0.956989247311828,0.7741935483870968,0.978494623655914,artifacts/amazon/stage10_ranking_full_background/seed_029/summary.json,a68eb9957ce132e1693fd3dd9843b472fd0e8cd18df77db3ead0b24f4f1ff4a5
