attack_w1_mean,attack_world_sha256,clean_w1_mean,coalition_accounts,coalition_frequency_mean,coalition_mean_score,coalition_score_total,expected_coalition_score_total_m_times_sum_dcf,frequency_auc,identity_assignment_sha256,m,mean_d_cf,mean_reuse_law_abs_error,n_items,negative_d_cf_fraction,normal_accounts,normal_frequency_mean,positive_d_cf_fraction,predicted_coalition_mean_score_r_times_mean_dcf,reuse_r,score_auc,score_conservation_abs_error,score_no_larger_probability,seed,zero_d_cf_fraction
0.4051576081928963,e6c1e331e091a817f66b33f292874fcd8a769bc71e7390eb90d30b0bf6aee327,0.3279965372139062,12000,1.0,0.07716107097899008,925.932851747881,925.9328517478812,0.4979813827005543,81eeb610749bd566eaa522a171f0891002240616cf77386bd1ab8f2390924931,6,0.0771610709789901,1.3877787807814457e-17,2000,0.3545,47805,1.004079071226859,0.645,0.0771610709789901,1,0.49980277167660286,1.1368683772161603e-13,0.5008477774291392,0,0.0005
0.4051576081928963,e6c1e331e091a817f66b33f292874fcd8a769bc71e7390eb90d30b0bf6aee327,0.3279965372139062,6000,2.0,0.15432214195798016,925.9328517478809,925.9328517478812,0.9979604643865705,7f950094fecd7d287f86cc40041642b2836cf64bd194a0a6bf41a1715c334871,6,0.0771610709789901,2.7755575615628914e-17,2000,0.3545,47805,1.004079071226859,0.645,0.1543221419579802,2,0.5633820834640728,2.2737367544323206e-13,0.43662472544712894,0,0.0005
0.4051576081928963,e6c1e331e091a817f66b33f292874fcd8a769bc71e7390eb90d30b0bf6aee327,0.3279965372139062,3000,4.0,0.3086442839159603,925.932851747881,925.9328517478812,1.0,ed718434bf4bec2c4e854899ead23525386dc62f2dd0024fbf62b84ed2b6741c,6,0.0771610709789901,5.551115123125783e-17,2000,0.3545,47805,1.004079071226859,0.645,0.3086442839159604,4,0.631507833908587,1.1368683772161603e-13,0.36849216609141305,0,0.0005
0.4051576081928963,e6c1e331e091a817f66b33f292874fcd8a769bc71e7390eb90d30b0bf6aee327,0.3279965372139062,1500,8.0,0.6172885678319207,925.932851747881,925.9328517478812,1.0,78ef4d2dc31a45fec0f74068b2ecd9313f6da8e37038960ba298c09ccd239b0f,6,0.0771610709789901,1.1102230246251565e-16,2000,0.3545,47805,1.004079071226859,0.645,0.6172885678319208,8,0.6974847819265767,1.1368683772161603e-13,0.3025152180734233,0,0.0005
0.4051576081928963,e6c1e331e091a817f66b33f292874fcd8a769bc71e7390eb90d30b0bf6aee327,0.3279965372139062,750,16.0,1.2345771356638415,925.9328517478812,925.9328517478812,1.0,abef72f6c69b5b6044f1e19500013ceb9719e539fd9413c427715a01daf543a6,6,0.0771610709789901,0.0,2000,0.3545,47805,1.004079071226859,0.645,1.2345771356638415,16,0.8250549524108357,0.0,0.17494504758916432,0,0.0005
0.40712009752486417,d2a6af13ef9520fb43cb4748fb4123dcd5b503fb6643a89b4e3aeb95a816bc2c,0.3333428275581179,12000,1.0,0.07377726996674623,885.3272396009548,885.327239600955,0.498390636430139,e764eebd8cf243e0d8a360ff2f7bb6a23853824bcf7bc9cfc05359fb53bde571,6,0.07377726996674625,1.3877787807814457e-17,2000,0.3535,47845,1.0032396279653046,0.6465,0.07377726996674625,1,0.49981305256557634,1.1368683772161603e-13,0.5008565158323753,1,0.0
0.40712009752486417,d2a6af13ef9520fb43cb4748fb4123dcd5b503fb6643a89b4e3aeb95a816bc2c,0.3333428275581179,6000,2.0,0.1475545399334925,885.327239600955,885.327239600955,0.9983801860173477,b01aaece7484a9ee857832352e1f7dd9504b7ee0ef120727bc0a87563e2f0ebc,6,0.07377726996674625,0.0,2000,0.3535,47845,1.0032396279653046,0.6465,0.1475545399334925,2,0.5624483854112238,0.0,0.43756315184449784,1,0.0
0.40712009752486417,d2a6af13ef9520fb43cb4748fb4123dcd5b503fb6643a89b4e3aeb95a816bc2c,0.3333428275581179,3000,4.0,0.2951090798669849,885.3272396009548,885.327239600955,1.0,ba87699dc58142990cb7db13004a5a092b96c6ec620589f9e1296be436852566,6,0.07377726996674625,5.551115123125783e-17,2000,0.3535,47845,1.0032396279653046,0.6465,0.295109079866985,4,0.613384930504755,1.1368683772161603e-13,0.38661506949524505,1,0.0
0.40712009752486417,d2a6af13ef9520fb43cb4748fb4123dcd5b503fb6643a89b4e3aeb95a816bc2c,0.3333428275581179,1500,8.0,0.5902181597339698,885.3272396009548,885.327239600955,1.0,11ebd1932c26ad7fde1d1e5b045a66fade129f63d3c864a2cf0c179b2c138eed,6,0.07377726996674625,1.1102230246251565e-16,2000,0.3535,47845,1.0032396279653046,0.6465,0.59021815973397,8,0.6824096979830704,1.1368683772161603e-13,0.31759030201692967,1,0.0
0.40712009752486417,d2a6af13ef9520fb43cb4748fb4123dcd5b503fb6643a89b4e3aeb95a816bc2c,0.3333428275581179,750,16.0,1.18043631946794,885.327239600955,885.327239600955,1.0,0514b9507460464d6ba8f7c61874f9c675f23f6fef111b7f5e8e4a2da407486f,6,0.07377726996674625,0.0,2000,0.3535,47845,1.0032396279653046,0.6465,1.18043631946794,16,0.7905458041592643,0.0,0.2094541958407357,1,0.0
0.39962231100819,995a0e15147a97cf6b3e60c3fc7dcb1533e16598b92a731e212ffcc80050bafd,0.3364501739270246,12000,1.0,0.06317213708116545,758.0656449739854,758.0656449739855,0.4982017021098635,96d5dd86f200a5a11d99fc6ec258b4709d944b10ab51165025da7ea8987b5884,6,0.06317213708116545,0.0,2000,0.3875,47823,1.003701147983188,0.6125,0.06317213708116545,1,0.4997508311900132,1.1368683772161603e-13,0.500832674654455,2,0.0
0.39962231100819,995a0e15147a97cf6b3e60c3fc7dcb1533e16598b92a731e212ffcc80050bafd,0.3364501739270246,6000,2.0,0.1263442741623309,758.0656449739854,758.0656449739855,0.998149426008406,87326f3aa189dd704a4074254b53def456734ba2f670960cd1520bb713f1d9bc,6,0.06317213708116545,0.0,2000,0.3875,47823,1.003701147983188,0.6125,0.1263442741623309,2,0.5506623695711269,1.1368683772161603e-13,0.4493448968069757,2,0.0
0.39962231100819,995a0e15147a97cf6b3e60c3fc7dcb1533e16598b92a731e212ffcc80050bafd,0.3364501739270246,3000,4.0,0.2526885483246618,758.0656449739854,758.0656449739855,1.0,f7b1b03bc1793310d777f07f294bad9a6fa0eb6093c9900aca6db952c68dec11,6,0.06317213708116545,0.0,2000,0.3875,47823,1.003701147983188,0.6125,0.2526885483246618,4,0.6097622901114527,1.1368683772161603e-13,0.39023770988854733,2,0.0
0.39962231100819,995a0e15147a97cf6b3e60c3fc7dcb1533e16598b92a731e212ffcc80050bafd,0.3364501739270246,1500,8.0,0.5053770966493236,758.0656449739854,758.0656449739855,1.0,099e204f73dac036985d12a0f1b7c41d7e38ec0c484eaec4ae3bea8097c36280,6,0.06317213708116545,0.0,2000,0.3875,47823,1.003701147983188,0.6125,0.5053770966493236,8,0.6789843380800034,1.1368683772161603e-13,0.32101566191999664,2,0.0
0.39962231100819,995a0e15147a97cf6b3e60c3fc7dcb1533e16598b92a731e212ffcc80050bafd,0.3364501739270246,750,16.0,1.0107541932986472,758.0656449739854,758.0656449739855,1.0,350bedf502d0437724c243986c0837e1d7d2baee2d59f66e709fc5c77afb21ec,6,0.06317213708116545,0.0,2000,0.3875,47823,1.003701147983188,0.6125,1.0107541932986472,16,0.7248545678857453,1.1368683772161603e-13,0.27514543211425463,2,0.0
0.4029443228161776,5f4fbb438e098d7766a856b00cd993ed76b8fe654b56bbd5fe62662277f6e3ed,0.32786033076995763,12000,1.0,0.07508399204622003,901.0079045546403,901.0079045546404,0.49845343588028757,2c710e8ecc4296a0e4c042db03fe42ff262b6d1574f3087c8ee9e019894e81a4,6,0.07508399204622003,0.0,2000,0.3715,47848,1.0031767262999498,0.6285,0.07508399204622003,1,0.4997858426684501,1.1368683772161603e-13,0.5008513103995987,3,0.0
0.4029443228161776,5f4fbb438e098d7766a856b00cd993ed76b8fe654b56bbd5fe62662277f6e3ed,0.32786033076995763,6000,2.0,0.15016798409244006,901.0079045546403,901.0079045546404,0.9984220866075907,b7abf803c4a880b76ffd494936520cd5cf79e7ec73162772afc1601339aedb10,6,0.07508399204622003,0.0,2000,0.3715,47848,1.0031767262999498,0.6285,0.15016798409244006,2,0.5574569260993145,1.1368683772161603e-13,0.4425528339742518,3,0.0
0.4029443228161776,5f4fbb438e098d7766a856b00cd993ed76b8fe654b56bbd5fe62662277f6e3ed,0.32786033076995763,3000,4.0,0.3003359681848801,901.0079045546403,901.0079045546404,0.9999895502424344,dd2aa44393d1fd36746c0b6043f4a1a035762c9f509859b0dd8e94f85c5dad6f,6,0.07508399204622003,0.0,2000,0.3715,47848,1.0031767262999498,0.6285,0.3003359681848801,4,0.6202635846848353,1.1368683772161603e-13,0.37973641531516467,3,0.0
0.4029443228161776,5f4fbb438e098d7766a856b00cd993ed76b8fe654b56bbd5fe62662277f6e3ed,0.32786033076995763,1500,8.0,0.6006719363697602,901.0079045546403,901.0079045546404,1.0,2c8d933e2606cd67e12d1a24a74943828fb14f4f8bb08143dcd4910a8c51c52b,6,0.07508399204622003,0.0,2000,0.3715,47848,1.0031767262999498,0.6285,0.6006719363697602,8,0.6984560274201639,1.1368683772161603e-13,0.3015439725798362,3,0.0
0.4029443228161776,5f4fbb438e098d7766a856b00cd993ed76b8fe654b56bbd5fe62662277f6e3ed,0.32786033076995763,750,16.0,1.2013438727395205,901.0079045546403,901.0079045546404,1.0,7ecc830ed86b9fb939a99f46fc469ea5c4378205c4d4597cb348b8f98c811ed2,6,0.07508399204622003,0.0,2000,0.3715,47848,1.0031767262999498,0.6285,1.2013438727395205,16,0.8142544724962381,1.1368683772161603e-13,0.18574552750376191,3,0.0
0.3974750978791952,08dd949cbdb1c4e3b3d3266926dbe48f624fcc8a4354b44ecb035c37e4106d33,0.33200690777943387,12000,1.0,0.06546819009976136,785.6182811971363,785.6182811971363,0.4983801521611905,8809923bb60aaae1447d6c417611626fc1035899f151ed4d262e427bd74153dc,6,0.06546819009976136,0.0,2000,0.374,47844,1.0032605969400552,0.626,0.06546819009976136,1,0.49980981941309255,0.0,0.500891961374467,4,0.0
0.3974750978791952,08dd949cbdb1c4e3b3d3266926dbe48f624fcc8a4354b44ecb035c37e4106d33,0.33200690777943387,6000,2.0,0.1309363801995227,785.6182811971362,785.6182811971363,0.9983697015299724,13f2a42004d489eebe90c4c4746378092b34c6f24724bb6742554ff5356a6994,6,0.06546819009976136,2.7755575615628914e-17,2000,0.374,47844,1.0032605969400552,0.626,0.13093638019952272,2,0.5515029679792659,1.1368683772161603e-13,0.44850654209514257,4,0.0
0.3974750978791952,08dd949cbdb1c4e3b3d3266926dbe48f624fcc8a4354b44ecb035c37e4106d33,0.33200690777943387,3000,4.0,0.26187276039904545,785.6182811971363,785.6182811971363,1.0,c819d3e3a93cd407d58f04251906ee2fdb81b227c6db962a04f2e6efcdcc4fe1,6,0.06546819009976136,0.0,2000,0.374,47844,1.0032605969400552,0.626,0.26187276039904545,4,0.6149207633141042,0.0,0.38507975921745674,4,0.0
0.3974750978791952,08dd949cbdb1c4e3b3d3266926dbe48f624fcc8a4354b44ecb035c37e4106d33,0.33200690777943387,1500,8.0,0.5237455207980909,785.6182811971364,785.6182811971363,1.0,4ccde1a9975eb5c8af39839367577749606502d8440342f133a41ba05a5ea160,6,0.06546819009976136,0.0,2000,0.374,47844,1.0032605969400552,0.626,0.5237455207980909,8,0.6603374299807708,1.1368683772161603e-13,0.33966257001922917,4,0.0
0.3974750978791952,08dd949cbdb1c4e3b3d3266926dbe48f624fcc8a4354b44ecb035c37e4106d33,0.33200690777943387,750,16.0,1.0474910415961818,785.6182811971363,785.6182811971363,1.0,3cbf88ec81f38a5ce111cafbbe104d8668190b929ce16a59ea3117b9b8d3a8d7,6,0.06546819009976136,0.0,2000,0.374,47844,1.0032605969400552,0.626,1.0474910415961818,16,0.7644081598528552,0.0,0.23559184014714488,4,0.0
0.407469564637607,23d700135575dfbd5c83cfde34a984fed7d849ea6140ccbc0d2c6bfe867de354,0.32391619883535566,12000,1.0,0.08355336580225128,1002.6403896270153,1002.6403896270153,0.498443018662877,2711ae66de17447cfeba5b371f12b36fc6fce7f81498972d6f403f9d12e2293a,6,0.08355336580225128,0.0,2000,0.346,47849,1.0031557608309474,0.654,0.08355336580225128,1,0.4997776024577316,0.0,0.5009782231603587,5,0.0
0.407469564637607,23d700135575dfbd5c83cfde34a984fed7d849ea6140ccbc0d2c6bfe867de354,0.32391619883535566,6000,2.0,0.16710673160450254,1002.6403896270152,1002.6403896270153,0.9984221195845263,d91f29e1e37193802779b19551e859e9103eb6bac974c4ba5a6c5f1338156682,6,0.08355336580225128,2.7755575615628914e-17,2000,0.346,47849,1.0031557608309474,0.654,0.16710673160450257,2,0.5660745365629376,1.1368683772161603e-13,0.43393546364605323,5,0.0
0.407469564637607,23d700135575dfbd5c83cfde34a984fed7d849ea6140ccbc0d2c6bfe867de354,0.32391619883535566,3000,4.0,0.33421346320900513,1002.6403896270153,1002.6403896270153,1.0,50a5159b095179fee12e974f5e814e2983dcb29c6777352ebe3aa538adcb89d0,6,0.08355336580225128,0.0,2000,0.346,47849,1.0031557608309474,0.654,0.33421346320900513,4,0.6400154444189011,0.0,0.3599895504608247,5,0.0
0.407469564637607,23d700135575dfbd5c83cfde34a984fed7d849ea6140ccbc0d2c6bfe867de354,0.32391619883535566,1500,8.0,0.6684269264180103,1002.6403896270153,1002.6403896270153,1.0,d7563f65cdeb5df0c5c89d445acd35937e44f279047517924e7dfa8e4645bbbd,6,0.08355336580225128,0.0,2000,0.346,47849,1.0031557608309474,0.654,0.6684269264180103,8,0.7454778992246442,0.0,0.2545221007753558,5,0.0
0.407469564637607,23d700135575dfbd5c83cfde34a984fed7d849ea6140ccbc0d2c6bfe867de354,0.32391619883535566,750,16.0,1.3368538528360205,1002.6403896270153,1002.6403896270153,1.0,7543d13733c2a09f63f9bfda1a05f721c7a753e731adfa2c626b72d215c6926c,6,0.08355336580225128,0.0,2000,0.346,47849,1.0031557608309474,0.654,1.3368538528360205,16,0.8068589103220548,0.0,0.19314108967794522,5,0.0
0.39964011100087476,86f006f6dbdd0a64a22efa5ddc7f1cd635c52aa2096589a99f6d94e348be2512,0.3237339987137401,12000,1.0,0.07590611228713467,910.8733474456161,910.8733474456161,0.4983801860173477,b68ff44225e778d7ba248c52a746114f3181365148db791a19268a0f4808ed9a,6,0.07590611228713467,0.0,2000,0.3615,47845,1.0032396279653046,0.6385,0.07590611228713467,1,0.49983115268053085,0.0,0.5008119448218205,6,0.0
0.39964011100087476,86f006f6dbdd0a64a22efa5ddc7f1cd635c52aa2096589a99f6d94e348be2512,0.3237339987137401,6000,2.0,0.15181222457426932,910.873347445616,910.8733474456161,0.9983801860173477,c22b1e9c340448b9291553e64ad443213c8dae2713f30316a328e460e0e3307d,6,0.07590611228713467,2.7755575615628914e-17,2000,0.3615,47845,1.0032396279653046,0.6385,0.15181222457426935,2,0.5636632040965618,1.1368683772161603e-13,0.43633957571324067,6,0.0
0.39964011100087476,86f006f6dbdd0a64a22efa5ddc7f1cd635c52aa2096589a99f6d94e348be2512,0.3237339987137401,3000,4.0,0.30362444914853864,910.873347445616,910.8733474456161,1.0,758a43f1a6b1feae1fbc5f868602faf0202f7d9916f807afef0c2bf35e9dc5f1,6,0.07590611228713467,5.551115123125783e-17,2000,0.3615,47845,1.0032396279653046,0.6385,0.3036244491485387,4,0.6314054760163026,1.1368683772161603e-13,0.36860102414045354,6,0.0
0.39964011100087476,86f006f6dbdd0a64a22efa5ddc7f1cd635c52aa2096589a99f6d94e348be2512,0.3237339987137401,1500,8.0,0.6072488982970774,910.8733474456161,910.8733474456161,1.0,b6a6eefe87cd08a301f524690d43a2329791471f2ecd1c6a4934fdb612d8b8a8,6,0.07590611228713467,0.0,2000,0.3615,47845,1.0032396279653046,0.6385,0.6072488982970774,8,0.6853498589194273,0.0,0.3146501410805727,6,0.0
0.39964011100087476,86f006f6dbdd0a64a22efa5ddc7f1cd635c52aa2096589a99f6d94e348be2512,0.3237339987137401,750,16.0,1.214497796594155,910.8733474456162,910.8733474456161,1.0,4eb4acab7c9dfdccf9dc7d5dcb867edf4c7aad39825ed639d2a07e8fc3145cc6,6,0.07590611228713467,2.220446049250313e-16,2000,0.3615,47845,1.0032396279653046,0.6385,1.2144977965941548,16,0.7820488661302122,1.1368683772161603e-13,0.21795113386978784,6,0.0
0.4055681588957673,b7b6848423d687d84a8d07817fe8b2e0daa74eec1616a79e9b05c2ef7184685b,0.32609469261589286,12000,1.0,0.07947346627987431,953.6815953584918,953.6815953584918,0.49808637456865,62824f33b11d62c3405f89f45fbe04b8c3b28c34baf32adc27558cd0f40d49c0,6,0.07947346627987431,0.0,2000,0.3625,47815,1.003869078740981,0.6375,0.07947346627987431,1,0.4997744954512182,0.0,0.5009261737948343,7,0.0
0.4055681588957673,b7b6848423d687d84a8d07817fe8b2e0daa74eec1616a79e9b05c2ef7184685b,0.32609469261589286,6000,2.0,0.15894693255974862,953.6815953584918,953.6815953584918,0.9980654606295095,0460c1c0595ad8b41856856b8eac5d87fafa78741f9056b4d910af5df916bf7d,6,0.07947346627987431,0.0,2000,0.3625,47815,1.003869078740981,0.6375,0.15894693255974862,2,0.5657346543971558,0.0,0.43427215309003453,7,0.0
0.4055681588957673,b7b6848423d687d84a8d07817fe8b2e0daa74eec1616a79e9b05c2ef7184685b,0.32609469261589286,3000,4.0,0.31789386511949724,953.6815953584918,953.6815953584918,1.0,31b160b64b3ce95521c439d715f295d0acc82f98663a709bd44f438199dedc21,6,0.07947346627987431,0.0,2000,0.3625,47815,1.003869078740981,0.6375,0.31789386511949724,4,0.6376485203388058,0.0,0.3623514796611942,7,0.0
0.4055681588957673,b7b6848423d687d84a8d07817fe8b2e0daa74eec1616a79e9b05c2ef7184685b,0.32609469261589286,1500,8.0,0.6357877302389946,953.6815953584919,953.6815953584918,1.0,89a0611f96c90dce922a7cf695814b8d59fff8d13e7a2743d82729f21c9d6beb,6,0.07947346627987431,1.1102230246251565e-16,2000,0.3625,47815,1.003869078740981,0.6375,0.6357877302389945,8,0.6904675101955453,1.1368683772161603e-13,0.3095324898044547,7,0.0
0.4055681588957673,b7b6848423d687d84a8d07817fe8b2e0daa74eec1616a79e9b05c2ef7184685b,0.32609469261589286,750,16.0,1.271575460477989,953.6815953584917,953.6815953584918,1.0,0187c7eb9c52110f813f19804ff4ae56f555881910db5c49a77a4fd2d1d0be68,6,0.07947346627987431,0.0,2000,0.3625,47815,1.003869078740981,0.6375,1.271575460477989,16,0.817104088675102,1.1368683772161603e-13,0.18289591132489805,7,0.0
0.4174581696742898,1645ad95fffcbaaf8f94ba227fd596b930056ef3ac236f5ed458f8eacf694b6b,0.3248228606975979,12000,1.0,0.0926353089766919,1111.6237077203027,1111.6237077203027,0.4982857740148427,b0118970e46ea4c8a7cb8439b0928128d35fda9b50661b0d5eaffcde0150fc51,6,0.0926353089766919,0.0,2000,0.3385,47835,1.0034493571652556,0.6615,0.0926353089766919,1,0.4996528901432006,0.0,0.5010101599247413,8,0.0
0.4174581696742898,1645ad95fffcbaaf8f94ba227fd596b930056ef3ac236f5ed458f8eacf694b6b,0.3248228606975979,6000,2.0,0.1852706179533838,1111.6237077203027,1111.6237077203027,0.9982753214173722,0dc93668fb63626dc884e32e8927ec0da9637b1b11c4339650b132d3b45ae62d,6,0.0926353089766919,0.0,2000,0.3385,47835,1.0034493571652556,0.6615,0.1852706179533838,2,0.5715444026340546,0.0,0.428471851155012,8,0.0
0.4174581696742898,1645ad95fffcbaaf8f94ba227fd596b930056ef3ac236f5ed458f8eacf694b6b,0.3248228606975979,3000,4.0,0.3705412359067676,1111.6237077203027,1111.6237077203027,1.0,d8c5af8bf126199e4d42b347e83ee02f1d7c8644d5da1f7f39559288a86a1274,6,0.0926353089766919,0.0,2000,0.3385,47835,1.0034493571652556,0.6615,0.3705412359067676,4,0.6443196822410369,0.0,0.3556803177589631,8,0.0
0.4174581696742898,1645ad95fffcbaaf8f94ba227fd596b930056ef3ac236f5ed458f8eacf694b6b,0.3248228606975979,1500,8.0,0.7410824718135351,1111.6237077203027,1111.6237077203027,1.0,00a42f01cc2b80ddf5d5807df9aa20c4f14ceeccc0754df7d8b9c388a6883eab,6,0.0926353089766919,0.0,2000,0.3385,47835,1.0034493571652556,0.6615,0.7410824718135351,8,0.7314605623497439,0.0,0.26853943765025606,8,0.0
0.4174581696742898,1645ad95fffcbaaf8f94ba227fd596b930056ef3ac236f5ed458f8eacf694b6b,0.3248228606975979,750,16.0,1.4821649436270703,1111.6237077203027,1111.6237077203027,1.0,d2881cefda966c9f9d7c073d1cee878f26c14515bc360f9a575cccd387ebba94,6,0.0926353089766919,0.0,2000,0.3385,47835,1.0034493571652556,0.6615,1.4821649436270703,16,0.8702648688199017,0.0,0.12973513118009825,8,0.0
0.4062010324369138,8c91d53e1fa59d7c5c05b126d5f74527d0a264ab0e1f41d1d3ec529f16d64191,0.32318883411362365,12000,1.0,0.08301219832329015,996.1463798794819,996.146379879482,0.4985164444815914,342c825aac1805eb2963148cec696edfee473ae84aae82e92378bda4db53b02b,6,0.08301219832329017,1.3877787807814457e-17,2000,0.354,47858,1.0029671110368172,0.646,0.08301219832329017,1,0.49982370763508716,1.1368683772161603e-13,0.500836088010364,9,0.0
0.4062010324369138,8c91d53e1fa59d7c5c05b126d5f74527d0a264ab0e1f41d1d3ec529f16d64191,0.32318883411362365,6000,2.0,0.1660243966465803,996.1463798794819,996.146379879482,0.9985164444815914,c527c96489bbed86d5c85b89894767bec89d23c7126f848312b3cca63fb51da9,6,0.08301219832329017,2.7755575615628914e-17,2000,0.354,47858,1.0029671110368172,0.646,0.16602439664658034,2,0.5706705253040244,1.1368683772161603e-13,0.4293345104266789,9,0.0
0.4062010324369138,8c91d53e1fa59d7c5c05b126d5f74527d0a264ab0e1f41d1d3ec529f16d64191,0.32318883411362365,3000,4.0,0.3320487932931606,996.1463798794819,996.146379879482,1.0,b181d0479bbb0b9f98e40614a7e1f4bf312e693eb47d9b0ff5daefbad52d9ba8,6,0.08301219832329017,5.551115123125783e-17,2000,0.354,47858,1.0029671110368172,0.646,0.33204879329316067,4,0.6358877930544528,1.1368683772161603e-13,0.36411521584688034,9,0.0
0.4062010324369138,8c91d53e1fa59d7c5c05b126d5f74527d0a264ab0e1f41d1d3ec529f16d64191,0.32318883411362365,1500,8.0,0.6640975865863213,996.146379879482,996.146379879482,1.0,6efcf62323997f6c2f7f8ff99d5d4c4390902d29290d9caa4feb612377901abb,6,0.08301219832329017,0.0,2000,0.354,47858,1.0029671110368172,0.646,0.6640975865863213,8,0.7059987462911113,0.0,0.2940012537088888,9,0.0
0.4062010324369138,8c91d53e1fa59d7c5c05b126d5f74527d0a264ab0e1f41d1d3ec529f16d64191,0.32318883411362365,750,16.0,1.3281951731726425,996.1463798794819,996.146379879482,1.0,7b9b29314c3e99e4d879402f352057596968e8fcca217f34472d418dcefc9147,6,0.08301219832329017,2.220446049250313e-16,2000,0.354,47858,1.0029671110368172,0.646,1.3281951731726427,16,0.856109323415103,1.1368683772161603e-13,0.143890676584897,9,0.0
0.40699384288808016,0c38945661ccd4eb0be69f9fc79f2cafb76d8e94a0daaa9265416f4bb9850934,0.33050151415571666,12000,1.0,0.07649232873236347,917.9079447883616,917.9079447883615,0.49824385348720523,fa8bcc9adf0d8aace182bd6023606ffd2d9d88d7e6f64b2b5045822c31c8d315,6,0.07649232873236346,1.3877787807814457e-17,2000,0.3715,47832,1.0035122930255895,0.628,0.07649232873236346,1,0.499768366365613,1.1368683772161603e-13,0.5009741281986955,10,0.0005
0.40699384288808016,0c38945661ccd4eb0be69f9fc79f2cafb76d8e94a0daaa9265416f4bb9850934,0.33050151415571666,6000,2.0,0.15298465746472695,917.9079447883616,917.9079447883615,0.9982438534872052,aeab5aa71e67525ff05459d11c53277234c1bb82cd8375ef33d9f2acc9ec9507,6,0.07649232873236346,2.7755575615628914e-17,2000,0.3715,47832,1.0035122930255895,0.628,0.15298465746472692,2,0.5581222298879411,1.1368683772161603e-13,0.4418927287171768,10,0.0005
0.40699384288808016,0c38945661ccd4eb0be69f9fc79f2cafb76d8e94a0daaa9265416f4bb9850934,0.33050151415571666,3000,4.0,0.3059693149294539,917.9079447883616,917.9079447883615,1.0,22579c09650e2df864cc300e9eae1f070240dbe03e5ecd30b0748d028b5bc015,6,0.07649232873236346,5.551115123125783e-17,2000,0.3715,47832,1.0035122930255895,0.628,0.30596931492945384,4,0.6321629871215922,1.1368683772161603e-13,0.36783701287840775,10,0.0005
0.40699384288808016,0c38945661ccd4eb0be69f9fc79f2cafb76d8e94a0daaa9265416f4bb9850934,0.33050151415571666,1500,8.0,0.6119386298589078,917.9079447883616,917.9079447883615,1.0,c5d0837a1a866b4f625c8d670c447991b7eedeebd6cd4def400172861743dc8d,6,0.07649232873236346,1.1102230246251565e-16,2000,0.3715,47832,1.0035122930255895,0.628,0.6119386298589077,8,0.6971482689412946,1.1368683772161603e-13,0.30285173105870544,10,0.0005
0.40699384288808016,0c38945661ccd4eb0be69f9fc79f2cafb76d8e94a0daaa9265416f4bb9850934,0.33050151415571666,750,16.0,1.2238772597178156,917.9079447883616,917.9079447883615,1.0,b08bffea52b12ab7a22bbb91bb42e56d4d05e3b2d288645b54afa06069c89201,6,0.07649232873236346,2.220446049250313e-16,2000,0.3715,47832,1.0035122930255895,0.628,1.2238772597178154,16,0.8098690416457601,1.1368683772161603e-13,0.19013095835423985,10,0.0005
0.4176993540506519,c21565ab259766109fbad2ce0c51e5c9061a832b8f039bd88de567c7dccbdfd8,0.32280658526196115,12000,1.0,0.09489276878869068,1138.7132254642881,1138.7132254642884,0.49839067006646326,c0110121b5d6ec81e230e3906a58a569daa990ddaccca17a3dd36cdaf104ad7e,6,0.09489276878869068,0.0,2000,0.3415,47846,1.0032186598670736,0.6585,0.09489276878869068,1,0.49971631902353386,2.2737367544323206e-13,0.5010316536387577,11,0.0
0.4176993540506519,c21565ab259766109fbad2ce0c51e5c9061a832b8f039bd88de567c7dccbdfd8,0.32280658526196115,6000,2.0,0.1897855375773814,1138.7132254642884,1138.7132254642884,0.9983906700664632,3ea5ba8eb507017ab28c83356d9b98b248a3121b01c754ef7dc5ba5cc5fac76c,6,0.09489276878869068,2.7755575615628914e-17,2000,0.3415,47846,1.0032186598670736,0.6585,0.18978553757738137,2,0.5802186912176567,0.0,0.41978512310328975,11,0.0
0.4176993540506519,c21565ab259766109fbad2ce0c51e5c9061a832b8f039bd88de567c7dccbdfd8,0.32280658526196115,3000,4.0,0.37957107515476274,1138.7132254642881,1138.7132254642884,1.0,fff890d19cf5587681d24889ae5c7adb9379744410d640fd97436f28339ef143,6,0.09489276878869068,0.0,2000,0.3415,47846,1.0032186598670736,0.6585,0.37957107515476274,4,0.6581764410818042,2.2737367544323206e-13,0.3418235589181959,11,0.0
0.4176993540506519,c21565ab259766109fbad2ce0c51e5c9061a832b8f039bd88de567c7dccbdfd8,0.32280658526196115,1500,8.0,0.7591421503095256,1138.7132254642884,1138.7132254642884,1.0,bab80881370a6cc92d74e3389536ac4946dab787a4fdc6e9ff89126ccb15518f,6,0.09489276878869068,1.1102230246251565e-16,2000,0.3415,47846,1.0032186598670736,0.6585,0.7591421503095255,8,0.7660858587969737,0.0,0.23391414120302637,11,0.0
0.4176993540506519,c21565ab259766109fbad2ce0c51e5c9061a832b8f039bd88de567c7dccbdfd8,0.32280658526196115,750,16.0,1.5182843006190512,1138.7132254642884,1138.7132254642884,1.0,f29c1570a2db38c05c7134672205f2698a215365a318d816fccc2f0cc1cac062,6,0.09489276878869068,2.220446049250313e-16,2000,0.3415,47846,1.0032186598670736,0.6585,1.518284300619051,16,0.8386934748986331,0.0,0.1613065251013669,11,0.0
0.406280826269572,2000cdf3e6201d6269f26826102349cb4709bdcc762a2a2a521ed0f03d1301f9,0.33540410829729056,12000,1.0,0.07087671797228141,850.520615667377,850.5206156673771,0.49834873124033274,d50f8d243883772199d6d61706bfb03461e726bfdaaa3278ad566e0eba3dc305,6,0.07087671797228143,1.3877787807814457e-17,2000,0.36,47842,1.0033025375193345,0.64,0.07087671797228143,1,0.4997925358471636,1.1368683772161603e-13,0.5009377847916057,12,0.0
0.406280826269572,2000cdf3e6201d6269f26826102349cb4709bdcc762a2a2a521ed0f03d1301f9,0.33540410829729056,6000,2.0,0.14175343594456286,850.5206156673771,850.5206156673771,0.9983487312403327,0473c59163faacb0afbee8efc63e36a5237ab0526d503af016ea3d6e92f32433,6,0.07087671797228143,0.0,2000,0.36,47842,1.0033025375193345,0.64,0.14175343594456286,2,0.560490405919485,0.0,0.43951688892604823,12,0.0
0.406280826269572,2000cdf3e6201d6269f26826102349cb4709bdcc762a2a2a521ed0f03d1301f9,0.33540410829729056,3000,4.0,0.2835068718891257,850.5206156673771,850.5206156673771,1.0,51665a220bc08fc6f4e99410ca731e68e9af9ab56e85a99efd9d2425dae87834,6,0.07087671797228143,0.0,2000,0.36,47842,1.0033025375193345,0.64,0.2835068718891257,4,0.6261085656954141,0.0,0.37389143430458593,12,0.0
0.406280826269572,2000cdf3e6201d6269f26826102349cb4709bdcc762a2a2a521ed0f03d1301f9,0.33540410829729056,1500,8.0,0.5670137437782514,850.5206156673771,850.5206156673771,1.0,9b2292f7ff4c5740f9e554ab2798488c54543156d65b216f0b08df32f66b47da,6,0.07087671797228143,0.0,2000,0.36,47842,1.0033025375193345,0.64,0.5670137437782514,8,0.7151916725889386,0.0,0.28480832741106143,12,0.0
0.406280826269572,2000cdf3e6201d6269f26826102349cb4709bdcc762a2a2a521ed0f03d1301f9,0.33540410829729056,750,16.0,1.1340274875565026,850.520615667377,850.5206156673771,1.0,098344f9cc8ed4b9a9dab9748b81d224b3d6f10665034757975b1dd7185b908b,6,0.07087671797228143,2.220446049250313e-16,2000,0.36,47842,1.0033025375193345,0.64,1.1340274875565028,16,0.7863622758245893,1.1368683772161603e-13,0.21363772417541071,12,0.0
0.40663728401044863,9d39ffd155ab7fd116dba14b81bb290a47241c4ade8fcd1db0d440ce3c2e228c,0.337849523215162,12000,1.0,0.06878776079528658,825.453129543439,825.4531295434389,0.49803396636827574,eb23857a1852facc021017332adf1d48354fc601ebbca88bd39b198d71391da8,6,0.06878776079528658,0.0,2000,0.3705,47812,1.0039320672634484,0.6295,0.06878776079528658,1,0.4997858487409019,1.1368683772161603e-13,0.5008172320756296,13,0.0
0.40663728401044863,9d39ffd155ab7fd116dba14b81bb290a47241c4ade8fcd1db0d440ce3c2e228c,0.337849523215162,6000,2.0,0.13757552159057315,825.453129543439,825.4531295434389,0.9980339663682758,07a1d325035e105bcf96563dcd826ffc11eaf19cca68c682bb02ef0e23ef3306,6,0.06878776079528658,0.0,2000,0.3705,47812,1.0039320672634484,0.6295,0.13757552159057315,2,0.5568325734125324,1.1368683772161603e-13,0.44317322011210575,13,0.0
0.40663728401044863,9d39ffd155ab7fd116dba14b81bb290a47241c4ade8fcd1db0d440ce3c2e228c,0.337849523215162,3000,4.0,0.2751510431811463,825.453129543439,825.4531295434389,1.0,f8bd27c2cd4d623b6fca6094fdc2707fcb68a74d3c293d108fa033338be798c0,6,0.06878776079528658,0.0,2000,0.3705,47812,1.0039320672634484,0.6295,0.2751510431811463,4,0.6109646950556346,1.1368683772161603e-13,0.38903530494436545,13,0.0
0.40663728401044863,9d39ffd155ab7fd116dba14b81bb290a47241c4ade8fcd1db0d440ce3c2e228c,0.337849523215162,1500,8.0,0.5503020863622926,825.453129543439,825.4531295434389,1.0,f60d9893bc342a8fc718efe94467aa45480ba323555cf0df948d27fe7b35fb12,6,0.06878776079528658,0.0,2000,0.3705,47812,1.0039320672634484,0.6295,0.5503020863622926,8,0.6834152932318246,1.1368683772161603e-13,0.31658470676817535,13,0.0
0.40663728401044863,9d39ffd155ab7fd116dba14b81bb290a47241c4ade8fcd1db0d440ce3c2e228c,0.337849523215162,750,16.0,1.1006041727245852,825.453129543439,825.4531295434389,1.0,55564c222c56cafd0c45133ba3cd84ccc2be802aab3656bf49319e47b6d02316,6,0.06878776079528658,0.0,2000,0.3705,47812,1.0039320672634484,0.6295,1.1006041727245852,16,0.7594849828494938,1.1368683772161603e-13,0.24051501715050616,13,0.0
0.3988207766213123,c67a3f67383634c1d19186c12a6834aeb361ea0ebee9c21ef575a96a6cb0eae5,0.329475059036128,12000,1.0,0.06934571758518425,832.148611022211,832.148611022211,0.4983067854007275,07c5b70d18313c4b1117ac47bcff34c2617ca4e4a8c0048a775384294e0a9584,6,0.06934571758518425,0.0,2000,0.3695,47838,1.003386429198545,0.6305,0.06934571758518425,1,0.4997622183201639,0.0,0.5008603620552698,14,0.0
0.3988207766213123,c67a3f67383634c1d19186c12a6834aeb361ea0ebee9c21ef575a96a6cb0eae5,0.329475059036128,6000,2.0,0.1386914351703685,832.1486110222111,832.148611022211,0.9983067854007275,a5a581962c8f58f94a3f05a473e0fc03fadaee997952583771966678fcc9091f,6,0.06934571758518425,0.0,2000,0.3695,47838,1.003386429198545,0.6305,0.1386914351703685,2,0.5635634850955308,1.1368683772161603e-13,0.43643977591036415,14,0.0
0.3988207766213123,c67a3f67383634c1d19186c12a6834aeb361ea0ebee9c21ef575a96a6cb0eae5,0.329475059036128,3000,4.0,0.277382870340737,832.1486110222111,832.148611022211,1.0,94849305289d3ec873cd56e23688c0d2445488917b33420b69fe1c1a5a0da5ce,6,0.06934571758518425,0.0,2000,0.3695,47838,1.003386429198545,0.6305,0.277382870340737,4,0.6199624357205569,1.1368683772161603e-13,0.38003909026297084,14,0.0
0.3988207766213123,c67a3f67383634c1d19186c12a6834aeb361ea0ebee9c21ef575a96a6cb0eae5,0.329475059036128,1500,8.0,0.554765740681474,832.1486110222111,832.148611022211,1.0,264a1abbec1cae4424e83610c57a49443e7cecdb31cc41fa0fa302c934024c6f,6,0.06934571758518425,0.0,2000,0.3695,47838,1.003386429198545,0.6305,0.554765740681474,8,0.7041697395376061,1.1368683772161603e-13,0.2958302604623939,14,0.0
0.3988207766213123,c67a3f67383634c1d19186c12a6834aeb361ea0ebee9c21ef575a96a6cb0eae5,0.329475059036128,750,16.0,1.109531481362948,832.1486110222111,832.148611022211,1.0,ed42aad7f04048ff313c5557c2af8df6e992bb8b81cd40fd5552a8b3d855ed8b,6,0.06934571758518425,0.0,2000,0.3695,47838,1.003386429198545,0.6305,1.109531481362948,16,0.7569525481834525,1.1368683772161603e-13,0.24304745181654752,14,0.0
0.4129511038365292,28993c11fcb5bead56ad7e49a420a4142473930e0b813f93c0669f8d75341534,0.3333680346512925,12000,1.0,0.07958306918523668,954.9968302228401,954.99683022284,0.49812831987954326,428e7e518076f7bdfda9bcb18f352fbcc5e074a60defddd40561870e35f8c88a,6,0.07958306918523667,1.3877787807814457e-17,2000,0.3545,47818,1.003806098122046,0.6455,0.07958306918523667,1,0.49980239658705927,1.1368683772161603e-13,0.5009857585009829,15,0.0
0.4129511038365292,28993c11fcb5bead56ad7e49a420a4142473930e0b813f93c0669f8d75341534,0.3333680346512925,6000,2.0,0.15916613837047336,954.9968302228401,954.99683022284,0.998096950938977,9355f9e1387e537f5e896653b8f2a65b01c45ccd5623008eb00f61ccfb46a193,6,0.07958306918523667,2.7755575615628914e-17,2000,0.3545,47818,1.003806098122046,0.6455,0.15916613837047333,2,0.5659813563929901,1.1368683772161603e-13,0.43402938224099713,15,0.0
0.4129511038365292,28993c11fcb5bead56ad7e49a420a4142473930e0b813f93c0669f8d75341534,0.3333680346512925,3000,4.0,0.3183322767409467,954.9968302228401,954.99683022284,1.0,4afdf2907ad31aeb2617b4f4500b80f11888464e4719dd68992021a7ffc097cf,6,0.07958306918523667,5.551115123125783e-17,2000,0.3545,47818,1.003806098122046,0.6455,0.31833227674094666,4,0.6199942699401899,1.1368683772161603e-13,0.38000623196285915,15,0.0
0.4129511038365292,28993c11fcb5bead56ad7e49a420a4142473930e0b813f93c0669f8d75341534,0.3333680346512925,1500,8.0,0.6366645534818934,954.9968302228401,954.99683022284,1.0,167f53ecca7f81f1dc153497f9b37ef2286dc016ea3cfc2809cbef57e7b37f9f,6,0.07958306918523667,1.1102230246251565e-16,2000,0.3545,47818,1.003806098122046,0.6455,0.6366645534818933,8,0.7102554686519721,1.1368683772161603e-13,0.2897445313480279,15,0.0
0.4129511038365292,28993c11fcb5bead56ad7e49a420a4142473930e0b813f93c0669f8d75341534,0.3333680346512925,750,16.0,1.2733291069637869,954.9968302228401,954.99683022284,1.0,ee9c8772f9d02c1b2acb01cf5a7c922f92fdd40feac711df2b7f9566ec7014ad,6,0.07958306918523667,2.220446049250313e-16,2000,0.3545,47818,1.003806098122046,0.6455,1.2733291069637866,16,0.7901886318959388,1.1368683772161603e-13,0.20981136810406123,15,0.0
0.4082790440033467,b543c2889d8a364a0d75b517e05287881fb16db5f42ef92300eda421cd408090,0.3304649964909794,12000,1.0,0.0778140475123673,933.7685701484077,933.7685701484079,0.49824381677154983,5627b695d8eee9f476987b69384c408a45a33e67da11c663152bdef883a45c27,6,0.07781404751236733,2.7755575615628914e-17,2000,0.3595,47831,1.0035332734000961,0.6405,0.07781404751236733,1,0.49971684158809143,2.2737367544323206e-13,0.500974702598733,16,0.0
0.4082790440033467,b543c2889d8a364a0d75b517e05287881fb16db5f42ef92300eda421cd408090,0.3304649964909794,6000,2.0,0.15562809502473465,933.7685701484079,933.7685701484079,0.9982333632999519,354af7855e29a5eaa928bfaa410e5418715f1f0fac2e7e75492170c2fb0f3aae,6,0.07781404751236733,0.0,2000,0.3595,47831,1.0035332734000961,0.6405,0.15562809502473465,2,0.565023112625703,0.0,0.43498856390207186,16,0.0
0.4082790440033467,b543c2889d8a364a0d75b517e05287881fb16db5f42ef92300eda421cd408090,0.3304649964909794,3000,4.0,0.3112561900494692,933.7685701484077,933.7685701484079,1.0,2d7eafd71c4d8acdf3c795a281378b45fe0caaff69601c661f9406f38bb72a69,6,0.07781404751236733,1.1102230246251565e-16,2000,0.3595,47831,1.0035332734000961,0.6405,0.3112561900494693,4,0.6280401204239928,2.2737367544323206e-13,0.3719613639689741,16,0.0
0.4082790440033467,b543c2889d8a364a0d75b517e05287881fb16db5f42ef92300eda421cd408090,0.3304649964909794,1500,8.0,0.6225123800989385,933.7685701484078,933.7685701484079,1.0,c679acd95597fd53d3d5634d50d00dcc3e8c85feeab396d4adef8df0cbee9b5d,6,0.07781404751236733,1.1102230246251565e-16,2000,0.3595,47831,1.0035332734000961,0.6405,0.6225123800989386,8,0.718060421065836,1.1368683772161603e-13,0.28193957893416405,16,0.0
0.4082790440033467,b543c2889d8a364a0d75b517e05287881fb16db5f42ef92300eda421cd408090,0.3304649964909794,750,16.0,1.2450247601978768,933.7685701484077,933.7685701484079,1.0,e599e0c4e6032eb0b9c9a7ee5c5bf8590a63edb80d69b87c653f473940540e5b,6,0.07781404751236733,4.440892098500626e-16,2000,0.3595,47831,1.0035332734000961,0.6405,1.2450247601978772,16,0.7788806422612949,2.2737367544323206e-13,0.22111935773870503,16,0.0
0.4019782319946477,d8ad716247b9b260d6e7a9b557c859f2598db45a4989149d4be2088bb5f3ba46,0.322783093150209,12000,1.0,0.07919513884443877,950.3416661332652,950.3416661332653,0.4981074072524991,87d0cc6d217c40ebc14c60c0a9852839d40b6725c1d054d9b7c4d7f54d0e8353,6,0.07919513884443877,0.0,2000,0.3545,47818,1.003806098122046,0.6455,0.07919513884443877,1,0.4997935871429169,1.1368683772161603e-13,0.5008315697017859,17,0.0
0.4019782319946477,d8ad716247b9b260d6e7a9b557c859f2598db45a4989149d4be2088bb5f3ba46,0.322783093150209,6000,2.0,0.15839027768887753,950.3416661332652,950.3416661332653,0.998096950938977,ddf49ee3d734cc15585baa72042f98ccf80d76687ab806cc940c71592e24e1e3,6,0.07919513884443877,0.0,2000,0.3545,47818,1.003806098122046,0.6455,0.15839027768887753,2,0.5646283721611108,1.1368683772161603e-13,0.43537707557823413,17,0.0
0.4019782319946477,d8ad716247b9b260d6e7a9b557c859f2598db45a4989149d4be2088bb5f3ba46,0.322783093150209,3000,4.0,0.3167805553777551,950.3416661332653,950.3416661332653,1.0,fee18a744f600a75324cf4e87cd75f79ca6fa35f673e33cd259682815f20b075,6,0.07919513884443877,5.551115123125783e-17,2000,0.3545,47818,1.003806098122046,0.6455,0.31678055537775507,4,0.6316971851603999,0.0,0.3683047806265423,17,0.0
0.4019782319946477,d8ad716247b9b260d6e7a9b557c859f2598db45a4989149d4be2088bb5f3ba46,0.322783093150209,1500,8.0,0.6335611107555101,950.3416661332652,950.3416661332653,1.0,d6046f03f59ba8e4a098758419e5117aa5372415af98dc7fa85a236c5a0e6ef8,6,0.07919513884443877,0.0,2000,0.3545,47818,1.003806098122046,0.6455,0.6335611107555101,8,0.7086944665188841,1.1368683772161603e-13,0.2913055334811159,17,0.0
0.4019782319946477,d8ad716247b9b260d6e7a9b557c859f2598db45a4989149d4be2088bb5f3ba46,0.322783093150209,750,16.0,1.2671222215110205,950.3416661332653,950.3416661332653,1.0,7d5d01cb21dfe1c8d34d0a30d0f95622b3761e46624f4fed7983dcc95f55d0ac,6,0.07919513884443877,2.220446049250313e-16,2000,0.3545,47818,1.003806098122046,0.6455,1.2671222215110203,16,0.8281549207411435,0.0,0.1718450792588565,17,0.0
0.39753348180948117,c6c34d9c1845c8193060d5a7fffcfb3fe6c1b04aaca4eb7b1bdb73b41f7e431e,0.3313932046159051,12000,1.0,0.06614027719357603,793.6833263229123,793.6833263229123,0.49820181491239074,b66825be3f122a0b84bbca07c052040ccb3690176b9ac3c46620d235aabf8efb,6,0.06614027719357603,0.0,2000,0.375,47826,1.0036381884330698,0.625,0.06614027719357603,1,0.49976456320829676,0.0,0.5008950048090997,18,0.0
0.39753348180948117,c6c34d9c1845c8193060d5a7fffcfb3fe6c1b04aaca4eb7b1bdb73b41f7e431e,0.3313932046159051,6000,2.0,0.13228055438715206,793.6833263229123,793.6833263229123,0.9981809057834651,021bcc836c259800ab3525831c98f7f2bccf2cbdcd1450d13823944baad313de,6,0.06614027719357603,0.0,2000,0.375,47826,1.0036381884330698,0.625,0.13228055438715206,2,0.5537925709864927,0.0,0.44621697403086186,18,0.0
0.39753348180948117,c6c34d9c1845c8193060d5a7fffcfb3fe6c1b04aaca4eb7b1bdb73b41f7e431e,0.3313932046159051,3000,4.0,0.2645611087743041,793.6833263229123,793.6833263229123,1.0,b83c6bce67fc0c793046f98923814c93b5c1f3de12f51d69c25334e488874917,6,0.06614027719357603,0.0,2000,0.375,47826,1.0036381884330698,0.625,0.2645611087743041,4,0.6067032158240288,0.0,0.39329678417597125,18,0.0
0.39753348180948117,c6c34d9c1845c8193060d5a7fffcfb3fe6c1b04aaca4eb7b1bdb73b41f7e431e,0.3313932046159051,1500,8.0,0.5291222175486082,793.6833263229123,793.6833263229123,1.0,a3118304c830d30a9037a9372a4a4335a88c32b8bf2926c3f43f7ea0fbf524bf,6,0.06614027719357603,0.0,2000,0.375,47826,1.0036381884330698,0.625,0.5291222175486082,8,0.6558016978212687,0.0,0.3441983021787312,18,0.0
0.39753348180948117,c6c34d9c1845c8193060d5a7fffcfb3fe6c1b04aaca4eb7b1bdb73b41f7e431e,0.3313932046159051,750,16.0,1.0582444350972167,793.6833263229124,793.6833263229123,1.0,d304dd770df12739a63d0f2ee5c1967b9eff996914432b1a6a50da1b1c78b58a,6,0.06614027719357603,2.220446049250313e-16,2000,0.375,47826,1.0036381884330698,0.625,1.0582444350972164,16,0.7828158742106803,1.1368683772161603e-13,0.21718412578931962,18,0.0
0.4013504917772332,64706dcc2ab35cd0aaa6c2379b626853e7f0009638dad769dfd6a16181faa757,0.33330256328048086,12000,1.0,0.06804792849675236,816.5751419610283,816.5751419610283,0.49843256912370165,b03852a1f10219f347d0081de91d4ffacd4fab398c11225d749fca8f4837b606,6,0.06804792849675237,1.3877787807814457e-17,2000,0.364,47849,1.0031557608309474,0.636,0.06804792849675237,1,0.49985038349808775,0.0,0.5008264122552195,19,0.0
0.4013504917772332,64706dcc2ab35cd0aaa6c2379b626853e7f0009638dad769dfd6a16181faa757,0.33330256328048086,6000,2.0,0.1360958569935047,816.5751419610283,816.5751419610283,0.9984221195845263,dca38d2d6c9525e4da5edba791af0fd9acd5a73f8571229c6b4836d81211f162,6,0.06804792849675237,2.7755575615628914e-17,2000,0.364,47849,1.0031557608309474,0.636,0.13609585699350474,2,0.5559920687997659,0.0,0.44401701184977743,19,0.0
0.4013504917772332,64706dcc2ab35cd0aaa6c2379b626853e7f0009638dad769dfd6a16181faa757,0.33330256328048086,3000,4.0,0.2721917139870094,816.5751419610283,816.5751419610283,1.0,78f59275bb3068bd1109447c2cd21093f6970c565abb255717be261e03b6c94e,6,0.06804792849675237,5.551115123125783e-17,2000,0.364,47849,1.0031557608309474,0.636,0.2721917139870095,4,0.616097682292211,0.0,0.3839023177077891,19,0.0
0.4013504917772332,64706dcc2ab35cd0aaa6c2379b626853e7f0009638dad769dfd6a16181faa757,0.33330256328048086,1500,8.0,0.5443834279740188,816.5751419610283,816.5751419610283,1.0,5db8130239d2335addf9410b988fcd4c1f4ae917983b5b517bde13fd366f004c,6,0.06804792849675237,1.1102230246251565e-16,2000,0.364,47849,1.0031557608309474,0.636,0.544383427974019,8,0.6930541495120065,0.0,0.3069458504879935,19,0.0
0.4013504917772332,64706dcc2ab35cd0aaa6c2379b626853e7f0009638dad769dfd6a16181faa757,0.33330256328048086,750,16.0,1.0887668559480377,816.5751419610283,816.5751419610283,1.0,e1879a3662eb05a5404d7fd8b6e3e1f047c430a2da39ae72b3fe92321430bfa8,6,0.06804792849675237,2.220446049250313e-16,2000,0.364,47849,1.0031557608309474,0.636,1.088766855948038,16,0.7746756672030763,0.0,0.22532433279692365,19,0.0
0.404949036790995,f5806d5fc0779cadbd48eaa7e615cd0cf4a223c7a60b9e9604e1e4989acd581b,0.33148370480945366,12000,1.0,0.07346533198154127,881.5839837784953,881.5839837784952,0.49834862768870586,bee6852a7ce489ad19d6c3d7b4a9243a8ccc77c8d5eb55385d4672148f7f3e9a,6,0.07346533198154127,0.0,2000,0.36,47839,1.0033654549635236,0.64,0.07346533198154127,1,0.4998483507180334,1.1368683772161603e-13,0.5007882689855557,20,0.0
0.404949036790995,f5806d5fc0779cadbd48eaa7e615cd0cf4a223c7a60b9e9604e1e4989acd581b,0.33148370480945366,6000,2.0,0.14693066396308255,881.5839837784953,881.5839837784952,0.9983172725182382,d6ad130f68678769137901c3d505dda646ff4f09e801b70a98bd63939c27e9a9,6,0.07346533198154127,0.0,2000,0.36,47839,1.0033654549635236,0.64,0.14693066396308255,2,0.5603511988126842,1.1368683772161603e-13,0.43965912749012315,20,0.0
0.404949036790995,f5806d5fc0779cadbd48eaa7e615cd0cf4a223c7a60b9e9604e1e4989acd581b,0.33148370480945366,3000,4.0,0.29386132792616504,881.5839837784952,881.5839837784952,1.0,6333023c2d507357e861bebbb546e11560258aa5442d9b14538ac7dfd86a6499,6,0.07346533198154127,5.551115123125783e-17,2000,0.36,47839,1.0033654549635236,0.64,0.2938613279261651,4,0.6164466230481407,0.0,0.3835543803173143,20,0.0
0.404949036790995,f5806d5fc0779cadbd48eaa7e615cd0cf4a223c7a60b9e9604e1e4989acd581b,0.33148370480945366,1500,8.0,0.5877226558523302,881.5839837784953,881.5839837784952,1.0,599b545d70fa4a6e63284cee3dea113561f01bd58032c7fd68bdb9c09e3cc79c,6,0.07346533198154127,0.0,2000,0.36,47839,1.0033654549635236,0.64,0.5877226558523302,8,0.7028705449528627,1.1368683772161603e-13,0.2971294550471373,20,0.0
0.404949036790995,f5806d5fc0779cadbd48eaa7e615cd0cf4a223c7a60b9e9604e1e4989acd581b,0.33148370480945366,750,16.0,1.1754453117046604,881.5839837784953,881.5839837784952,1.0,607156701000ac7dfdecd979505b50548c1c074eefb435f9cbbfd0758af6f537,6,0.07346533198154127,0.0,2000,0.36,47839,1.0033654549635236,0.64,1.1754453117046604,16,0.7438061832396162,1.1368683772161603e-13,0.2561938167603838,20,0.0
0.4063888493155695,424d6aab5d27a2beccb22ed550ba1284f084ce57b8a57e96bae41de0adc83da8,0.33307338981294365,12000,1.0,0.07331545950262587,879.7855140315105,879.7855140315105,0.49822287267405396,0498427d3a06776e9507f0bdcede11f1d9324bfd35b7a1746d27f18d3cbe2389,6,0.07331545950262587,0.0,2000,0.365,47830,1.003554254651892,0.635,0.07331545950262587,1,0.49977405916788625,0.0,0.5008888250052268,21,0.0
0.4063888493155695,424d6aab5d27a2beccb22ed550ba1284f084ce57b8a57e96bae41de0adc83da8,0.33307338981294365,6000,2.0,0.14663091900525174,879.7855140315105,879.7855140315105,0.998222872674054,f6b54f573bba90e222b6bc04361cf37efc08243523330bcc345d38dddffc1a7c,6,0.07331545950262587,0.0,2000,0.365,47830,1.003554254651892,0.635,0.14663091900525174,2,0.5584533033660882,0.0,0.4415530629312147,21,0.0
0.4063888493155695,424d6aab5d27a2beccb22ed550ba1284f084ce57b8a57e96bae41de0adc83da8,0.33307338981294365,3000,4.0,0.2932618380105035,879.7855140315105,879.7855140315105,1.0,56f0aa94742bb12a080af1b90d55fee3389fa62e9f06fafb71e6b86d0196d41f,6,0.07331545950262587,0.0,2000,0.365,47830,1.003554254651892,0.635,0.2932618380105035,4,0.6096474597532929,0.0,0.39035254024670707,21,0.0
0.4063888493155695,424d6aab5d27a2beccb22ed550ba1284f084ce57b8a57e96bae41de0adc83da8,0.33307338981294365,1500,8.0,0.586523676021007,879.7855140315105,879.7855140315105,1.0,4da0a6e75fcec4f27abf5a1a5a693c109939a7e3db5ea95e516ab6c94af9c10f,6,0.07331545950262587,0.0,2000,0.365,47830,1.003554254651892,0.635,0.586523676021007,8,0.7072073593978675,0.0,0.29279264060213256,21,0.0
0.4063888493155695,424d6aab5d27a2beccb22ed550ba1284f084ce57b8a57e96bae41de0adc83da8,0.33307338981294365,750,16.0,1.173047352042014,879.7855140315105,879.7855140315105,1.0,eb75c20596dad780ba25f89d1b5660e18d60ab8e94a8a87290bffc9fa1df2a51,6,0.07331545950262587,0.0,2000,0.365,47830,1.003554254651892,0.635,1.173047352042014,16,0.8063135270750575,0.0,0.1936864729249425,21,0.0
0.39997500518161566,972d804efac22e959ce67067b77e2d80ea58f4dcec72a4a8178a99dba64344b0,0.32879145174391844,12000,1.0,0.07118355343769718,854.2026412523662,854.2026412523662,0.49822279836079286,e2daa63aed3bae54601e823bbfe789da87de8df2fc5f0e57e974c75e98911657,6,0.07118355343769718,0.0,2000,0.357,47828,1.003596219787572,0.643,0.07118355343769718,1,0.4997640137576315,0.0,0.5008931274567199,22,0.0
0.39997500518161566,972d804efac22e959ce67067b77e2d80ea58f4dcec72a4a8178a99dba64344b0,0.32879145174391844,6000,2.0,0.14236710687539436,854.2026412523662,854.2026412523662,0.998201890106214,989af873b7d0950ecf50d2c982bcff7bf269babf06455c592b298164ed738169,6,0.07118355343769718,0.0,2000,0.357,47828,1.003596219787572,0.643,0.14236710687539436,2,0.5640015053943297,0.0,0.43600679518273816,22,0.0
0.39997500518161566,972d804efac22e959ce67067b77e2d80ea58f4dcec72a4a8178a99dba64344b0,0.32879145174391844,3000,4.0,0.2847342137507887,854.2026412523662,854.2026412523662,1.0,ba6d38dd66b93a1e014035fa2cf4b6405eba2f6f96eefcaf8ec1fe6b4580ff1d,6,0.07118355343769718,0.0,2000,0.357,47828,1.003596219787572,0.643,0.2847342137507887,4,0.6267875303169691,0.0,0.37321246968303085,22,0.0
0.39997500518161566,972d804efac22e959ce67067b77e2d80ea58f4dcec72a4a8178a99dba64344b0,0.32879145174391844,1500,8.0,0.5694684275015774,854.2026412523662,854.2026412523662,1.0,d12bf86086e04222dc56494834b5e578933147ce412b03a38eb256aebb754c5d,6,0.07118355343769718,0.0,2000,0.357,47828,1.003596219787572,0.643,0.5694684275015774,8,0.7005788241197625,0.0,0.29942117588023753,22,0.0
0.39997500518161566,972d804efac22e959ce67067b77e2d80ea58f4dcec72a4a8178a99dba64344b0,0.32879145174391844,750,16.0,1.138936855003155,854.2026412523662,854.2026412523662,1.0,456a865abdfab3d006579dfe30a025dcfd2e69d6af5c95b8a4a1f8d1829081bd,6,0.07118355343769718,0.0,2000,0.357,47828,1.003596219787572,0.643,1.138936855003155,16,0.7677198293886426,0.0,0.23228017061135736,22,0.0
0.4096844824327991,1e9974b35070a6b4452ddd03ac0cfd81d64a10258a0b3770545e39bd77586b00,0.3308048863397372,12000,1.0,0.07887959609306185,946.5551531167421,946.5551531167421,0.49826468743466445,3ddbe5ceea8385d238febf34f725bae87ed15adb832fa8f9c6f9b5ec97f98b80,6,0.07887959609306183,1.3877787807814457e-17,2000,0.365,47830,1.003554254651892,0.635,0.07887959609306183,1,0.4997476949613213,0.0,0.5009330022998119,23,0.0
0.4096844824327991,1e9974b35070a6b4452ddd03ac0cfd81d64a10258a0b3770545e39bd77586b00,0.3308048863397372,6000,2.0,0.15775919218612366,946.555153116742,946.5551531167421,0.998222872674054,0257526fb4f76fe504d91cbdfddea050594ac4a4b406b3a6db861614256dc800,6,0.07887959609306183,0.0,2000,0.365,47830,1.003554254651892,0.635,0.15775919218612366,2,0.5579572234998955,1.1368683772161603e-13,0.44205312565335564,23,0.0
0.4096844824327991,1e9974b35070a6b4452ddd03ac0cfd81d64a10258a0b3770545e39bd77586b00,0.3308048863397372,3000,4.0,0.31551838437224733,946.555153116742,946.5551531167421,1.0,431a425645135e0289892ab799a96ffe054179789bd24a75010cae2b12b9140d,6,0.07887959609306183,0.0,2000,0.365,47830,1.003554254651892,0.635,0.31551838437224733,4,0.6279356470834204,1.1368683772161603e-13,0.3720643529165796,23,0.0
0.4096844824327991,1e9974b35070a6b4452ddd03ac0cfd81d64a10258a0b3770545e39bd77586b00,0.3308048863397372,1500,8.0,0.6310367687444947,946.555153116742,946.5551531167421,1.0,5b3a562883be0091b1a7367347778e37779cabda4c31eebf1cdb91cee6f9066a,6,0.07887959609306183,0.0,2000,0.365,47830,1.003554254651892,0.635,0.6310367687444947,8,0.7089568053522893,1.1368683772161603e-13,0.29104319464771067,23,0.0
0.4096844824327991,1e9974b35070a6b4452ddd03ac0cfd81d64a10258a0b3770545e39bd77586b00,0.3308048863397372,750,16.0,1.2620735374889895,946.5551531167421,946.5551531167421,1.0,ee2b4518cb0d3e23ca410f1057cef2eb4145610024fd628b7aceb36a34fd91e6,6,0.07887959609306183,2.220446049250313e-16,2000,0.365,47830,1.003554254651892,0.635,1.2620735374889893,16,0.782949111436337,0.0,0.21705088856366297,23,0.0
0.40614491376800993,100858967310b2ce6b5c95d4fc52144d9a344e5026d0719dfc8c6bbfa1ba14d5,0.3296784457553424,12000,1.0,0.07646646801266754,917.5976161520105,917.5976161520106,0.49834866220735785,9881d99fcf542da4783d9797334a1843eb706b5f43f5f5fd5c9434f9a5d7623c,6,0.07646646801266754,0.0,2000,0.3665,47840,1.0033444816053512,0.6335,0.07646646801266754,1,0.499718133361204,1.1368683772161603e-13,0.5009291074414716,24,0.0
0.40614491376800993,100858967310b2ce6b5c95d4fc52144d9a344e5026d0719dfc8c6bbfa1ba14d5,0.3296784457553424,6000,2.0,0.1529329360253351,917.5976161520106,917.5976161520106,0.9983277591973244,bfc98b76e58f4d5d3ffde9bb2a6ae0c6cab23500093648b1277e28d59f9c62f0,6,0.07646646801266754,0.0,2000,0.3665,47840,1.0033444816053512,0.6335,0.1529329360253351,2,0.5610706312709031,0.0,0.43894364548494985,24,0.0
0.40614491376800993,100858967310b2ce6b5c95d4fc52144d9a344e5026d0719dfc8c6bbfa1ba14d5,0.3296784457553424,3000,4.0,0.3058658720506702,917.5976161520105,917.5976161520106,1.0,81624abb31399b4a19ba2a164ad5f66dbe7faa7841a539d06b45138cf3a92aaf,6,0.07646646801266754,0.0,2000,0.3665,47840,1.0033444816053512,0.6335,0.3058658720506702,4,0.6343328804347826,1.1368683772161603e-13,0.365670610367893,24,0.0
0.40614491376800993,100858967310b2ce6b5c95d4fc52144d9a344e5026d0719dfc8c6bbfa1ba14d5,0.3296784457553424,1500,8.0,0.6117317441013403,917.5976161520105,917.5976161520106,1.0,1f870b034df2f3351ff62455d125e8caf5a90340eee6a790bf988b3a40312f35,6,0.07646646801266754,0.0,2000,0.3665,47840,1.0033444816053512,0.6335,0.6117317441013403,8,0.7191056856187291,1.1368683772161603e-13,0.2808943143812709,24,0.0
0.40614491376800993,100858967310b2ce6b5c95d4fc52144d9a344e5026d0719dfc8c6bbfa1ba14d5,0.3296784457553424,750,16.0,1.2234634882026807,917.5976161520105,917.5976161520106,1.0,45f71279b04f49de247064ffa25c497f65048e661eda3782d76d338b3f40e6bc,6,0.07646646801266754,0.0,2000,0.3665,47840,1.0033444816053512,0.6335,1.2234634882026807,16,0.7822469899665552,1.1368683772161603e-13,0.21775301003344483,24,0.0
0.4069348098651866,ce7a602e8c19a5ae0d8b5d17ca51c8dba79170e2773c1bac4df4034ce2a26b3e,0.3263868013200928,12000,1.0,0.0805480085450938,966.5761025411255,966.5761025411255,0.498149426008406,8502a1799223c3c020637a92caf470b7d89ab529e400e472e9ea9c70fbbca2a5,6,0.0805480085450938,0.0,2000,0.363,47823,1.003701147983188,0.637,0.0805480085450938,1,0.4997664094682475,0.0,0.5008879409489158,25,0.0
0.4069348098651866,ce7a602e8c19a5ae0d8b5d17ca51c8dba79170e2773c1bac4df4034ce2a26b3e,0.3263868013200928,6000,2.0,0.1610960170901876,966.5761025411255,966.5761025411255,0.998149426008406,3d8e815aa9a2539886a68395dab45d54866027d345b7dad73f996441dfff1668,6,0.0805480085450938,0.0,2000,0.363,47823,1.003701147983188,0.637,0.1610960170901876,2,0.557382891077515,0.0,0.4426261422328168,25,0.0
0.4069348098651866,ce7a602e8c19a5ae0d8b5d17ca51c8dba79170e2773c1bac4df4034ce2a26b3e,0.3263868013200928,3000,4.0,0.3221920341803752,966.5761025411255,966.5761025411255,1.0,5481b331820a46801cdec7d849c79f17c04849a5582be4b79ae04a7ac77fe61f,6,0.0805480085450938,0.0,2000,0.363,47823,1.003701147983188,0.637,0.3221920341803752,4,0.6306884971666353,0.0,0.3693115028333647,25,0.0
0.4069348098651866,ce7a602e8c19a5ae0d8b5d17ca51c8dba79170e2773c1bac4df4034ce2a26b3e,0.3263868013200928,1500,8.0,0.6443840683607504,966.5761025411255,966.5761025411255,1.0,3e4039409660179d77b78f711324a04dcc77eb927b16e97377ae0208b6aa0440,6,0.0805480085450938,0.0,2000,0.363,47823,1.003701147983188,0.637,0.6443840683607504,8,0.7221834682056751,0.0,0.2778165317943249,25,0.0
0.4069348098651866,ce7a602e8c19a5ae0d8b5d17ca51c8dba79170e2773c1bac4df4034ce2a26b3e,0.3263868013200928,750,16.0,1.2887681367215007,966.5761025411255,966.5761025411255,1.0,60b2ebd45806f705a1b29f1dd9d774cf2182fb8b8d17b4e80c9941a8f92c24f9,6,0.0805480085450938,0.0,2000,0.363,47823,1.003701147983188,0.637,1.2887681367215007,16,0.792060723919453,0.0,0.20793927608054702,25,0.0
0.40890432975420854,7921df77cbe4986b1fdcdf6efca76d80625d545a715b14f30da72ee3ff289ac0,0.3304563799975921,12000,1.0,0.07844794975661648,941.3753970793978,941.3753970793978,0.4985583251499133,84f2ad9bf70389c78e98e2394774db2fcb28f83ec545e43a56b775c2536e77d6,6,0.07844794975661648,0.0,2000,0.3595,47861,1.0029042435385804,0.6405,0.07844794975661648,1,0.4998130784981509,0.0,0.5008367042059296,26,0.0
0.40890432975420854,7921df77cbe4986b1fdcdf6efca76d80625d545a715b14f30da72ee3ff289ac0,0.3304563799975921,6000,2.0,0.15689589951323296,941.3753970793978,941.3753970793978,0.9985478782307098,3bfdab981a523540779eb79d7818617cf120def74fdf232b9eec81b7bfd1075c,6,0.07844794975661648,0.0,2000,0.3595,47861,1.0029042435385804,0.6405,0.15689589951323296,2,0.562437224462506,0.0,0.4375678109525501,26,0.0
0.40890432975420854,7921df77cbe4986b1fdcdf6efca76d80625d545a715b14f30da72ee3ff289ac0,0.3304563799975921,3000,4.0,0.3137917990264659,941.3753970793978,941.3753970793978,1.0,9852f6ace0d44cd848e386dba4bcea6881379a1464e4cf6f9aee83e20a341e3f,6,0.07844794975661648,0.0,2000,0.3595,47861,1.0029042435385804,0.6405,0.3137917990264659,4,0.6224820208520507,0.0,0.37751797914794927,26,0.0
0.40890432975420854,7921df77cbe4986b1fdcdf6efca76d80625d545a715b14f30da72ee3ff289ac0,0.3304563799975921,1500,8.0,0.6275835980529318,941.3753970793978,941.3753970793978,1.0,4765c89fb71c1db73e072eecfc34e172a2d6abbb3188e54027862d0e87d90903,6,0.07844794975661648,0.0,2000,0.3595,47861,1.0029042435385804,0.6405,0.6275835980529318,8,0.7071734397526169,0.0,0.29282656024738307,26,0.0
0.40890432975420854,7921df77cbe4986b1fdcdf6efca76d80625d545a715b14f30da72ee3ff289ac0,0.3304563799975921,750,16.0,1.2551671961058637,941.3753970793978,941.3753970793978,1.0,dae3654ea411de8d52fa54057f329802f2f5d8bfe4a90ffcdd236143397e639d,6,0.07844794975661648,0.0,2000,0.3595,47861,1.0029042435385804,0.6405,1.2551671961058637,16,0.8366262301247362,0.0,0.16337376987526378,26,0.0
0.4048451870410841,84e657735aaaaabb0fadeeecc966cfe2ba1c2f52d143a6ef1955eed08442f01d,0.3214462341465422,12000,1.0,0.08339895289454194,1000.7874347345033,1000.7874347345034,0.49847452668533454,ab29183ab29e5c32f084ad6a94b3e680e57ed6d681c94d02da1d7999edb118be,6,0.08339895289454195,1.3877787807814457e-17,2000,0.351,47854,1.003050946629331,0.649,0.08339895289454195,1,0.4997533905211686,1.1368683772161603e-13,0.5008182074643708,27,0.0
0.4048451870410841,84e657735aaaaabb0fadeeecc966cfe2ba1c2f52d143a6ef1955eed08442f01d,0.3214462341465422,6000,2.0,0.1667979057890839,1000.7874347345034,1000.7874347345034,0.9984745266853345,fa693944e1cdbae617b9c7423910cd76ee49993b55a813e3c204dbf15b0acd19,6,0.08339895289454195,0.0,2000,0.351,47854,1.003050946629331,0.649,0.1667979057890839,2,0.5663988276842061,0.0,0.4336046725456597,27,0.0
0.4048451870410841,84e657735aaaaabb0fadeeecc966cfe2ba1c2f52d143a6ef1955eed08442f01d,0.3214462341465422,3000,4.0,0.33359581157816776,1000.7874347345033,1000.7874347345034,1.0,b8baa10daeba461b62087482d14348a70c54ef86b4696e04291124af5b0f7e0a,6,0.08339895289454195,5.551115123125783e-17,2000,0.351,47854,1.003050946629331,0.649,0.3335958115781678,4,0.6460891879466711,1.1368683772161603e-13,0.35391081205332886,27,0.0
0.4048451870410841,84e657735aaaaabb0fadeeecc966cfe2ba1c2f52d143a6ef1955eed08442f01d,0.3214462341465422,1500,8.0,0.6671916231563356,1000.7874347345034,1000.7874347345034,1.0,82a586a6ee6f9b1cab2ded707ed3a697c3337ea668f70fd8c47d745d8934cc44,6,0.08339895289454195,0.0,2000,0.351,47854,1.003050946629331,0.649,0.6671916231563356,8,0.7383672002340452,0.0,0.26163279976595477,27,0.0
0.4048451870410841,84e657735aaaaabb0fadeeecc966cfe2ba1c2f52d143a6ef1955eed08442f01d,0.3214462341465422,750,16.0,1.334383246312671,1000.7874347345032,1000.7874347345034,1.0,96cc0b5ffa95ccbaf6e8207d996b56c39c35fc651167c7a972ff2e1543ffcb96,6,0.08339895289454195,2.220446049250313e-16,2000,0.351,47854,1.003050946629331,0.649,1.3343832463126712,16,0.8181669243950349,2.2737367544323206e-13,0.1818330756049651,27,0.0
0.4011989454840696,97182e7df9d8c6d8b76fef044fa4b044a7bcd2954d0b63fad18e7320a1259a7d,0.3275603920920926,12000,1.0,0.07363855339197704,883.6626407037246,883.6626407037245,0.49839067006646326,d85682ec28fffb97c67640f3637361cfdbd6e5ca6de2eb586f409b3f0142c676,6,0.07363855339197704,0.0,2000,0.3725,47846,1.0032186598670736,0.6275,0.07363855339197704,1,0.4997191040003344,1.1368683772161603e-13,0.5009445930694311,28,0.0
0.4011989454840696,97182e7df9d8c6d8b76fef044fa4b044a7bcd2954d0b63fad18e7320a1259a7d,0.3275603920920926,6000,2.0,0.1472771067839541,883.6626407037245,883.6626407037245,0.9983906700664632,fc7c2d51cdc552ea136e213a76dfa90c6bf8045899ad761f01e12c38f0450b7b,6,0.07363855339197704,0.0,2000,0.3725,47846,1.0032186598670736,0.6275,0.1472771067839541,2,0.5571085670693475,0.0,0.4428971909877524,28,0.0
0.4011989454840696,97182e7df9d8c6d8b76fef044fa4b044a7bcd2954d0b63fad18e7320a1259a7d,0.3275603920920926,3000,4.0,0.2945542135679082,883.6626407037246,883.6626407037245,1.0,8badc35ce4b768348e1a5ce1c2ff48cde8d9b4ee5e0fe9f795b70d343b7588bb,6,0.07363855339197704,0.0,2000,0.3725,47846,1.0032186598670736,0.6275,0.2945542135679082,4,0.6184845546127158,1.1368683772161603e-13,0.3815154453872842,28,0.0
0.4011989454840696,97182e7df9d8c6d8b76fef044fa4b044a7bcd2954d0b63fad18e7320a1259a7d,0.3275603920920926,1500,8.0,0.5891084271358163,883.6626407037246,883.6626407037245,1.0,66ceea5013364e0b248a0d932c43060447ae25a5960a2d7861e881b6ebf46fe0,6,0.07363855339197704,0.0,2000,0.3725,47846,1.0032186598670736,0.6275,0.5891084271358163,8,0.7053954771558751,1.1368683772161603e-13,0.2946045228441249,28,0.0
0.4011989454840696,97182e7df9d8c6d8b76fef044fa4b044a7bcd2954d0b63fad18e7320a1259a7d,0.3275603920920926,750,16.0,1.1782168542716327,883.6626407037246,883.6626407037245,1.0,706c9ec1407cedde3bf7fe1320abf027191dd6e9596b46fd176f898879a8bb69,6,0.07363855339197704,0.0,2000,0.3725,47846,1.0032186598670736,0.6275,1.1782168542716327,16,0.7830367428834176,1.1368683772161603e-13,0.21696325711658238,28,0.0
0.4063521650009297,aab38f3aca4c83b12c3f74ea3590a5bae0f4a25d950bd08a5b81f2e475607bff,0.3253922625524639,12000,1.0,0.0809599024484658,971.5188293815896,971.5188293815895,0.49829619099385375,33f27312743a338aa5f0180502df77b55a5136667a5dfd744bd943e172365756,6,0.08095990244846579,1.3877787807814457e-17,2000,0.366,47834,1.0034703349082243,0.634,0.08095990244846579,1,0.4997671896558933,1.1368683772161603e-13,0.5009183112430489,29,0.0
0.4063521650009297,aab38f3aca4c83b12c3f74ea3590a5bae0f4a25d950bd08a5b81f2e475607bff,0.3253922625524639,6000,2.0,0.1619198048969316,971.5188293815897,971.5188293815895,0.9982648325458878,c39d0e80b8600ac948c8b04020c7e32e55b904401911480b2397153963aed354,6,0.08095990244846579,2.7755575615628914e-17,2000,0.366,47834,1.0034703349082243,0.634,0.16191980489693159,2,0.5622627942467701,2.2737367544323206e-13,0.4377414600493373,29,0.0
0.4063521650009297,aab38f3aca4c83b12c3f74ea3590a5bae0f4a25d950bd08a5b81f2e475607bff,0.3253922625524639,3000,4.0,0.3238396097938632,971.5188293815896,971.5188293815895,1.0,0a820a94b710c9a6ad8dc49e8533fe1452547c3adfe8cf10850e81e0f4f4b85c,6,0.08095990244846579,5.551115123125783e-17,2000,0.366,47834,1.0034703349082243,0.634,0.32383960979386317,4,0.6288162394949199,1.1368683772161603e-13,0.37118426224024753,29,0.0
0.4063521650009297,aab38f3aca4c83b12c3f74ea3590a5bae0f4a25d950bd08a5b81f2e475607bff,0.3253922625524639,1500,8.0,0.6476792195877265,971.5188293815897,971.5188293815895,1.0,836b93a49763a658ca0419c2c395ca3f69b6810181cae707d91e3ce86859caae,6,0.08095990244846579,1.1102230246251565e-16,2000,0.366,47834,1.0034703349082243,0.634,0.6476792195877263,8,0.7250697829995401,2.2737367544323206e-13,0.27493021700045994,29,0.0
0.4063521650009297,aab38f3aca4c83b12c3f74ea3590a5bae0f4a25d950bd08a5b81f2e475607bff,0.3253922625524639,750,16.0,1.295358439175453,971.5188293815896,971.5188293815895,1.0,f91ab905f02c06f577abf8fe91fb607a4a7c86b714cd22bcdce2c06880477183,6,0.08095990244846579,2.220446049250313e-16,2000,0.366,47834,1.0034703349082243,0.634,1.2953584391754527,16,0.8306454822929297,1.1368683772161603e-13,0.16935451770707027,29,0.0
